id,测点编号,测点位置,监测日期,监测时段,测压管水位,渗流量,扬压力,警戒数值,测点状态,原始缺测,缺测处理,数据来源,status
1,SEEP-0001,大坝0+120断面坝基测压管P1,2026-01-01,上午,243.17,1.8,159.43,水位245/248m；流量2.5/3.2L/s；扬压力180/200kPa,实测,否,,示例观测·实测,正常
2,SEEP-0001,大坝0+120断面坝基测压管P1,2026-01-01,下午,243.37,1.86,161.06,水位245/248m；流量2.5/3.2L/s；扬压力180/200kPa,实测,否,,示例观测·实测,正常
3,SEEP-0001,大坝0+120断面坝基测压管P1,2026-01-02,上午,243.54,1.9,162.43,水位245/248m；流量2.5/3.2L/s；扬压力180/200kPa,实测,否,,示例观测·实测,正常
4,SEEP-0001,大坝0+120断面坝基测压管P1,2026-01-02,下午,243.69,1.94,163.61,水位245/248m；流量2.5/3.2L/s；扬压力180/200kPa,实测,否,,示例观测·实测,正常
5,SEEP-0001,大坝0+120断面坝基测压管P1,2026-01-03,上午,243.82,1.98,164.71,水位245/248m；流量2.5/3.2L/s；扬压力180/200kPa,实测,否,,示例观测·实测,正常
6,SEEP-0001,大坝0+120断面坝基测压管P1,2026-01-03,下午,243.96,2.02,165.83,水位245/248m；流量2.5/3.2L/s；扬压力180/200kPa,实测,否,,示例观测·实测,正常
7,SEEP-0001,大坝0+120断面坝基测压管P1,2026-01-04,上午,244.11,2.06,167.06,水位245/248m；流量2.5/3.2L/s；扬压力180/200kPa,实测,否,,示例观测·实测,正常
8,SEEP-0001,大坝0+120断面坝基测压管P1,2026-01-04,下午,244.28,2.11,168.45,水位245/248m；流量2.5/3.2L/s；扬压力180/200kPa,实测,否,,示例观测·实测,正常
9,SEEP-0001,大坝0+120断面坝基测压管P1,2026-01-05,上午,244.47,2.16,170,水位245/248m；流量2.5/3.2L/s；扬压力180/200kPa,实测,否,,示例观测·实测,正常
10,SEEP-0001,大坝0+120断面坝基测压管P1,2026-01-05,下午,244.67,2.22,171.65,水位245/248m；流量2.5/3.2L/s；扬压力180/200kPa,实测,否,,示例观测·实测,正常
11,SEEP-0001,大坝0+120断面坝基测压管P1,2026-01-06,上午,244.87,2.28,173.29,水位245/248m；流量2.5/3.2L/s；扬压力180/200kPa,实测,否,,示例观测·实测,正常
12,SEEP-0001,大坝0+120断面坝基测压管P1,2026-01-06,下午,245.05,2.33,174.8,水位245/248m；流量2.5/3.2L/s；扬压力180/200kPa,实测,否,,示例观测·实测,预警
13,SEEP-0001,大坝0+120断面坝基测压管P1,2026-01-07,上午,245.2,2.37,176.04,水位245/248m；流量2.5/3.2L/s；扬压力180/200kPa,实测,否,,示例观测·实测,预警
14,SEEP-0001,大坝0+120断面坝基测压管P1,2026-01-07,下午,245.31,2.4,176.89,水位245/248m；流量2.5/3.2L/s；扬压力180/200kPa,实测,否,,示例观测·实测,预警
15,SEEP-0001,大坝0+120断面坝基测压管P1,2026-01-08,上午,245.36,2.41,177.28,水位245/248m；流量2.5/3.2L/s；扬压力180/200kPa,实测,否,,示例观测·实测,预警
16,SEEP-0001,大坝0+120断面坝基测压管P1,2026-01-08,下午,245.35,2.41,177.2,水位245/248m；流量2.5/3.2L/s；扬压力180/200kPa,实测,否,,示例观测·实测,预警
17,SEEP-0001,大坝0+120断面坝基测压管P1,2026-01-09,上午,245.28,2.39,176.69,水位245/248m；流量2.5/3.2L/s；扬压力180/200kPa,实测,否,,示例观测·实测,预警
18,SEEP-0001,大坝0+120断面坝基测压管P1,2026-01-09,下午,245.18,2.36,175.85,水位245/248m；流量2.5/3.2L/s；扬压力180/200kPa,实测,否,,示例观测·实测,预警
19,SEEP-0001,大坝0+120断面坝基测压管P1,2026-01-10,上午,245.05,2.33,174.7,水位245/248m；流量2.5/3.2L/s；扬压力180/200kPa,内插补齐（半天）,是,半天：相邻时段线性内插,示例观测·内插,预警
20,SEEP-0001,大坝0+120断面坝基测压管P1,2026-01-10,下午,244.91,2.29,173.64,水位245/248m；流量2.5/3.2L/s；扬压力180/200kPa,实测,否,,示例观测·实测,正常
21,SEEP-0001,大坝0+120断面坝基测压管P1,2026-01-11,上午,244.77,2.25,172.52,水位245/248m；流量2.5/3.2L/s；扬压力180/200kPa,实测,否,,示例观测·实测,正常
22,SEEP-0001,大坝0+120断面坝基测压管P1,2026-01-11,下午,244.65,2.22,171.51,水位245/248m；流量2.5/3.2L/s；扬压力180/200kPa,实测,否,,示例观测·实测,正常
23,SEEP-0001,大坝0+120断面坝基测压管P1,2026-01-12,上午,244.54,2.18,170.62,水位245/248m；流量2.5/3.2L/s；扬压力180/200kPa,实测,否,,示例观测·实测,正常
24,SEEP-0001,大坝0+120断面坝基测压管P1,2026-01-12,下午,244.44,2.16,169.82,水位245/248m；流量2.5/3.2L/s；扬压力180/200kPa,实测,否,,示例观测·实测,正常
25,SEEP-0001,大坝0+120断面坝基测压管P1,2026-01-13,上午,244.35,2.13,169.03,水位245/248m；流量2.5/3.2L/s；扬压力180/200kPa,实测,否,,示例观测·实测,正常
26,SEEP-0001,大坝0+120断面坝基测压管P1,2026-01-13,下午,244.24,2.1,168.16,水位245/248m；流量2.5/3.2L/s；扬压力180/200kPa,实测,否,,示例观测·实测,正常
27,SEEP-0001,大坝0+120断面坝基测压管P1,2026-01-14,上午,244.11,2.06,167.08,水位245/248m；流量2.5/3.2L/s；扬压力180/200kPa,实测,否,,示例观测·实测,正常
28,SEEP-0001,大坝0+120断面坝基测压管P1,2026-01-14,下午,243.94,2.02,165.72,水位245/248m；流量2.5/3.2L/s；扬压力180/200kPa,实测,否,,示例观测·实测,正常
29,SEEP-0001,大坝0+120断面坝基测压管P1,2026-01-15,上午,243.73,1.96,164.01,水位245/248m；流量2.5/3.2L/s；扬压力180/200kPa,实测,否,,示例观测·实测,正常
30,SEEP-0001,大坝0+120断面坝基测压管P1,2026-01-15,下午,243.49,1.89,161.98,水位245/248m；流量2.5/3.2L/s；扬压力180/200kPa,实测,否,,示例观测·实测,正常
31,SEEP-0001,大坝0+120断面坝基测压管P1,2026-01-16,上午,243.2,1.81,159.67,水位245/248m；流量2.5/3.2L/s；扬压力180/200kPa,实测,否,,示例观测·实测,正常
32,SEEP-0001,大坝0+120断面坝基测压管P1,2026-01-16,下午,242.9,1.72,157.21,水位245/248m；流量2.5/3.2L/s；扬压力180/200kPa,实测,否,,示例观测·实测,正常
33,SEEP-0001,大坝0+120断面坝基测压管P1,2026-01-17,上午,242.6,1.64,154.73,水位245/248m；流量2.5/3.2L/s；扬压力180/200kPa,实测,否,,示例观测·实测,正常
34,SEEP-0001,大坝0+120断面坝基测压管P1,2026-01-17,下午,242.31,1.56,152.38,水位245/248m；流量2.5/3.2L/s；扬压力180/200kPa,实测,否,,示例观测·实测,正常
35,SEEP-0001,大坝0+120断面坝基测压管P1,2026-01-18,上午,242.06,1.48,150.28,水位245/248m；流量2.5/3.2L/s；扬压力180/200kPa,实测,否,,示例观测·实测,正常
36,SEEP-0001,大坝0+120断面坝基测压管P1,2026-01-18,下午,241.84,1.42,148.52,水位245/248m；流量2.5/3.2L/s；扬压力180/200kPa,实测,否,,示例观测·实测,正常
37,SEEP-0001,大坝0+120断面坝基测压管P1,2026-01-19,上午,241.67,1.38,147.13,水位245/248m；流量2.5/3.2L/s；扬压力180/200kPa,实测,否,,示例观测·实测,正常
38,SEEP-0001,大坝0+120断面坝基测压管P1,2026-01-19,下午,241.54,1.34,146.08,水位245/248m；流量2.5/3.2L/s；扬压力180/200kPa,实测,否,,示例观测·实测,正常
39,SEEP-0001,大坝0+120断面坝基测压管P1,2026-01-20,上午,241.45,1.31,145.3,水位245/248m；流量2.5/3.2L/s；扬压力180/200kPa,实测,否,,示例观测·实测,正常
40,SEEP-0001,大坝0+120断面坝基测压管P1,2026-01-20,下午,241.37,1.29,144.68,水位245/248m；流量2.5/3.2L/s；扬压力180/200kPa,实测,否,,示例观测·实测,正常
41,SEEP-0001,大坝0+120断面坝基测压管P1,2026-01-21,上午,241.3,1.27,144.1,水位245/248m；流量2.5/3.2L/s；扬压力180/200kPa,实测,否,,示例观测·实测,正常
42,SEEP-0001,大坝0+120断面坝基测压管P1,2026-01-21,下午,241.23,1.25,143.48,水位245/248m；流量2.5/3.2L/s；扬压力180/200kPa,实测,否,,示例观测·实测,正常
43,SEEP-0001,大坝0+120断面坝基测压管P1,2026-01-22,上午,241.14,1.22,142.75,水位245/248m；流量2.5/3.2L/s；扬压力180/200kPa,实测,否,,示例观测·实测,正常
44,SEEP-0001,大坝0+120断面坝基测压管P1,2026-01-22,下午,241.04,1.2,141.92,水位245/248m；流量2.5/3.2L/s；扬压力180/200kPa,实测,否,,示例观测·实测,正常
45,SEEP-0001,大坝0+120断面坝基测压管P1,2026-01-23,上午,240.93,1.17,141.04,水位245/248m；流量2.5/3.2L/s；扬压力180/200kPa,实测,否,,示例观测·实测,正常
46,SEEP-0001,大坝0+120断面坝基测压管P1,2026-01-23,下午,240.82,1.14,140.19,水位245/248m；流量2.5/3.2L/s；扬压力180/200kPa,实测,否,,示例观测·实测,正常
47,SEEP-0001,大坝0+120断面坝基测压管P1,2026-01-24,上午,240.74,1.11,139.51,水位245/248m；流量2.5/3.2L/s；扬压力180/200kPa,实测,否,,示例观测·实测,正常
48,SEEP-0001,大坝0+120断面坝基测压管P1,2026-01-24,下午,240.69,1.1,139.11,水位245/248m；流量2.5/3.2L/s；扬压力180/200kPa,实测,否,,示例观测·实测,正常
49,SEEP-0001,大坝0+120断面坝基测压管P1,2026-01-25,上午,240.69,1.1,139.11,水位245/248m；流量2.5/3.2L/s；扬压力180/200kPa,实测,否,,示例观测·实测,正常
50,SEEP-0001,大坝0+120断面坝基测压管P1,2026-01-25,下午,240.75,1.12,139.57,水位245/248m；流量2.5/3.2L/s；扬压力180/200kPa,实测,否,,示例观测·实测,正常
51,SEEP-0001,大坝0+120断面坝基测压管P1,2026-01-26,上午,240.86,1.15,140.49,水位245/248m；流量2.5/3.2L/s；扬压力180/200kPa,实测,否,,示例观测·实测,正常
52,SEEP-0001,大坝0+120断面坝基测压管P1,2026-01-26,下午,241.02,1.19,141.82,水位245/248m；流量2.5/3.2L/s；扬压力180/200kPa,实测,否,,示例观测·实测,正常
53,SEEP-0001,大坝0+120断面坝基测压管P1,2026-01-27,上午,241.22,1.25,143.47,水位245/248m；流量2.5/3.2L/s；扬压力180/200kPa,实测,否,,示例观测·实测,正常
54,SEEP-0001,大坝0+120断面坝基测压管P1,2026-01-27,下午,241.45,1.31,145.29,水位245/248m；流量2.5/3.2L/s；扬压力180/200kPa,实测,否,,示例观测·实测,正常
55,SEEP-0001,大坝0+120断面坝基测压管P1,2026-01-28,上午,241.67,1.38,147.15,水位245/248m；流量2.5/3.2L/s；扬压力180/200kPa,实测,否,,示例观测·实测,正常
56,SEEP-0001,大坝0+120断面坝基测压管P1,2026-01-28,下午,241.89,1.44,148.94,水位245/248m；流量2.5/3.2L/s；扬压力180/200kPa,实测,否,,示例观测·实测,正常
57,SEEP-0001,大坝0+120断面坝基测压管P1,2026-01-29,上午,242.09,1.49,150.56,水位245/248m；流量2.5/3.2L/s；扬压力180/200kPa,实测,否,,示例观测·实测,正常
58,SEEP-0001,大坝0+120断面坝基测压管P1,2026-01-29,下午,242.27,1.54,152,水位245/248m；流量2.5/3.2L/s；扬压力180/200kPa,实测,否,,示例观测·实测,正常
59,SEEP-0001,大坝0+120断面坝基测压管P1,2026-01-30,上午,242.42,1.59,153.27,水位245/248m；流量2.5/3.2L/s；扬压力180/200kPa,实测,否,,示例观测·实测,正常
60,SEEP-0001,大坝0+120断面坝基测压管P1,2026-01-30,下午,242.57,1.63,154.45,水位245/248m；流量2.5/3.2L/s；扬压力180/200kPa,实测,否,,示例观测·实测,正常
61,SEEP-0001,大坝0+120断面坝基测压管P1,2026-01-31,上午,242.71,1.67,155.65,水位245/248m；流量2.5/3.2L/s；扬压力180/200kPa,实测,否,,示例观测·实测,正常
62,SEEP-0001,大坝0+120断面坝基测压管P1,2026-01-31,下午,242.87,1.71,156.96,水位245/248m；流量2.5/3.2L/s；扬压力180/200kPa,实测,否,,示例观测·实测,正常
63,SEEP-0002,大坝0+240断面坝基测压管P2,2026-01-01,上午,244.5,1.97,164,水位245/248m；流量2.5/3.2L/s；扬压力180/200kPa,实测,否,,示例观测·实测,正常
64,SEEP-0002,大坝0+240断面坝基测压管P2,2026-01-01,下午,244.69,2.05,165.79,水位245/248m；流量2.5/3.2L/s；扬压力180/200kPa,实测,否,,示例观测·实测,正常
65,SEEP-0002,大坝0+240断面坝基测压管P2,2026-01-02,上午,244.87,2.11,167.38,水位245/248m；流量2.5/3.2L/s；扬压力180/200kPa,实测,否,,示例观测·实测,正常
66,SEEP-0002,大坝0+240断面坝基测压管P2,2026-01-02,下午,245.03,2.17,168.88,水位245/248m；流量2.5/3.2L/s；扬压力180/200kPa,实测,否,,示例观测·实测,预警
67,SEEP-0002,大坝0+240断面坝基测压管P2,2026-01-03,上午,245.2,2.23,170.43,水位245/248m；流量2.5/3.2L/s；扬压力180/200kPa,实测,否,,示例观测·实测,预警
68,SEEP-0002,大坝0+240断面坝基测压管P2,2026-01-03,下午,245.38,2.3,172.15,水位245/248m；流量2.5/3.2L/s；扬压力180/200kPa,实测,否,,示例观测·实测,预警
69,SEEP-0002,大坝0+240断面坝基测压管P2,2026-01-04,上午,245.6,2.38,174.18,水位245/248m；流量2.5/3.2L/s；扬压力180/200kPa,实测,否,,示例观测·实测,预警
70,SEEP-0002,大坝0+240断面坝基测压管P2,2026-01-04,下午,245.86,2.47,176.56,水位245/248m；流量2.5/3.2L/s；扬压力180/200kPa,实测,否,,示例观测·实测,预警
71,SEEP-0002,大坝0+240断面坝基测压管P2,2026-01-05,上午,246.16,2.58,179.3,水位245/248m；流量2.5/3.2L/s；扬压力180/200kPa,实测,否,,示例观测·实测,预警
72,SEEP-0002,大坝0+240断面坝基测压管P2,2026-01-05,下午,246.48,2.7,182.31,水位245/248m；流量2.5/3.2L/s；扬压力180/200kPa,实测,否,,示例观测·实测,预警
73,SEEP-0002,大坝0+240断面坝基测压管P2,2026-01-06,上午,246.82,2.82,185.43,水位245/248m；流量2.5/3.2L/s；扬压力180/200kPa,实测,否,,示例观测·实测,预警
74,SEEP-0002,大坝0+240断面坝基测压管P2,2026-01-06,下午,247.15,2.94,188.49,水位245/248m；流量2.5/3.2L/s；扬压力180/200kPa,实测,否,,示例观测·实测,预警
75,SEEP-0002,大坝0+240断面坝基测压管P2,2026-01-07,上午,247.46,3.06,191.29,水位245/248m；流量2.5/3.2L/s；扬压力180/200kPa,实测,否,,示例观测·实测,预警
76,SEEP-0002,大坝0+240断面坝基测压管P2,2026-01-07,下午,247.71,3.15,193.67,水位245/248m；流量2.5/3.2L/s；扬压力180/200kPa,实测,否,,示例观测·实测,预警
77,SEEP-0002,大坝0+240断面坝基测压管P2,2026-01-08,上午,247.91,3.22,195.52,水位245/248m；流量2.5/3.2L/s；扬压力180/200kPa,实测,否,,示例观测·实测,报警
78,SEEP-0002,大坝0+240断面坝基测压管P2,2026-01-08,下午,248.05,3.27,196.8,水位245/248m；流量2.5/3.2L/s；扬压力180/200kPa,实测,否,,示例观测·实测,报警
79,SEEP-0002,大坝0+240断面坝基测压管P2,2026-01-09,上午,248.14,3.3,197.57,水位245/248m；流量2.5/3.2L/s；扬压力180/200kPa,实测,否,,示例观测·实测,报警
80,SEEP-0002,大坝0+240断面坝基测压管P2,2026-01-09,下午,248.17,3.32,197.92,水位245/248m；流量2.5/3.2L/s；扬压力180/200kPa,实测,否,,示例观测·实测,报警
81,SEEP-0002,大坝0+240断面坝基测压管P2,2026-01-10,上午,248.18,3.32,198,水位245/248m；流量2.5/3.2L/s；扬压力180/200kPa,实测,否,,示例观测·实测,报警
82,SEEP-0002,大坝0+240断面坝基测压管P2,2026-01-10,下午,248.18,3.32,197.98,水位245/248m；流量2.5/3.2L/s；扬压力180/200kPa,实测,否,,示例观测·实测,报警
83,SEEP-0002,大坝0+240断面坝基测压管P2,2026-01-11,上午,248.18,3.32,197.98,水位245/248m；流量2.5/3.2L/s；扬压力180/200kPa,实测,否,,示例观测·实测,报警
84,SEEP-0002,大坝0+240断面坝基测压管P2,2026-01-11,下午,248.19,3.32,198.09,水位245/248m；流量2.5/3.2L/s；扬压力180/200kPa,实测,否,,示例观测·实测,报警
85,SEEP-0002,大坝0+240断面坝基测压管P2,2026-01-12,上午,248.22,3.33,198.32,水位245/248m；流量2.5/3.2L/s；扬压力180/200kPa,实测,否,,示例观测·实测,报警
86,SEEP-0002,大坝0+240断面坝基测压管P2,2026-01-12,下午,248.25,3.35,198.62,水位245/248m；流量2.5/3.2L/s；扬压力180/200kPa,实测,否,,示例观测·实测,报警
87,SEEP-0002,大坝0+240断面坝基测压管P2,2026-01-13,上午,248.28,3.35,198.86,水位245/248m；流量2.5/3.2L/s；扬压力180/200kPa,实测,否,,示例观测·实测,报警
88,SEEP-0002,大坝0+240断面坝基测压管P2,2026-01-13,下午,248.28,3.36,198.9,水位245/248m；流量2.5/3.2L/s；扬压力180/200kPa,实测,否,,示例观测·实测,报警
89,SEEP-0002,大坝0+240断面坝基测压管P2,2026-01-14,上午,248.24,3.34,198.56,水位245/248m；流量2.5/3.2L/s；扬压力180/200kPa,实测,否,,示例观测·实测,报警
90,SEEP-0002,大坝0+240断面坝基测压管P2,2026-01-14,下午,248.15,3.31,197.74,水位245/248m；流量2.5/3.2L/s；扬压力180/200kPa,实测,否,,示例观测·实测,报警
91,SEEP-0002,大坝0+240断面坝基测压管P2,2026-01-15,上午,,,,水位245/248m；流量2.5/3.2L/s；扬压力180/200kPa,缺测（三天以上）,是,三天以上：保留缺测，不补数值,示例观测,正常
92,SEEP-0002,大坝0+240断面坝基测压管P2,2026-01-15,下午,,,,水位245/248m；流量2.5/3.2L/s；扬压力180/200kPa,缺测（三天以上）,是,三天以上：保留缺测，不补数值,示例观测,正常
93,SEEP-0002,大坝0+240断面坝基测压管P2,2026-01-16,上午,,,,水位245/248m；流量2.5/3.2L/s；扬压力180/200kPa,缺测（三天以上）,是,三天以上：保留缺测，不补数值,示例观测,正常
94,SEEP-0002,大坝0+240断面坝基测压管P2,2026-01-16,下午,,,,水位245/248m；流量2.5/3.2L/s；扬压力180/200kPa,缺测（三天以上）,是,三天以上：保留缺测，不补数值,示例观测,正常
95,SEEP-0002,大坝0+240断面坝基测压管P2,2026-01-17,上午,,,,水位245/248m；流量2.5/3.2L/s；扬压力180/200kPa,缺测（三天以上）,是,三天以上：保留缺测，不补数值,示例观测,正常
96,SEEP-0002,大坝0+240断面坝基测压管P2,2026-01-17,下午,,,,水位245/248m；流量2.5/3.2L/s；扬压力180/200kPa,缺测（三天以上）,是,三天以上：保留缺测，不补数值,示例观测,正常
97,SEEP-0002,大坝0+240断面坝基测压管P2,2026-01-18,上午,,,,水位245/248m；流量2.5/3.2L/s；扬压力180/200kPa,缺测（三天以上）,是,三天以上：保留缺测，不补数值,示例观测,正常
98,SEEP-0002,大坝0+240断面坝基测压管P2,2026-01-18,下午,,,,水位245/248m；流量2.5/3.2L/s；扬压力180/200kPa,缺测（三天以上）,是,三天以上：保留缺测，不补数值,示例观测,正常
99,SEEP-0002,大坝0+240断面坝基测压管P2,2026-01-19,上午,,,,水位245/248m；流量2.5/3.2L/s；扬压力180/200kPa,缺测（三天以上）,是,三天以上：保留缺测，不补数值,示例观测,正常
100,SEEP-0002,大坝0+240断面坝基测压管P2,2026-01-19,下午,,,,水位245/248m；流量2.5/3.2L/s；扬压力180/200kPa,缺测（三天以上）,是,三天以上：保留缺测，不补数值,示例观测,正常
101,SEEP-0002,大坝0+240断面坝基测压管P2,2026-01-20,上午,245.38,2.3,172.12,水位245/248m；流量2.5/3.2L/s；扬压力180/200kPa,实测,否,,示例观测·实测,预警
102,SEEP-0002,大坝0+240断面坝基测压管P2,2026-01-20,下午,245.21,2.23,170.55,水位245/248m；流量2.5/3.2L/s；扬压力180/200kPa,实测,否,,示例观测·实测,预警
103,SEEP-0002,大坝0+240断面坝基测压管P2,2026-01-21,上午,245.03,2.17,168.91,水位245/248m；流量2.5/3.2L/s；扬压力180/200kPa,实测,否,,示例观测·实测,预警
104,SEEP-0002,大坝0+240断面坝基测压管P2,2026-01-21,下午,244.84,2.1,167.09,水位245/248m；流量2.5/3.2L/s；扬压力180/200kPa,实测,否,,示例观测·实测,正常
105,SEEP-0002,大坝0+240断面坝基测压管P2,2026-01-22,上午,244.61,2.02,165.02,水位245/248m；流量2.5/3.2L/s；扬压力180/200kPa,实测,否,,示例观测·实测,正常
106,SEEP-0002,大坝0+240断面坝基测压管P2,2026-01-22,下午,244.36,1.92,162.71,水位245/248m；流量2.5/3.2L/s；扬压力180/200kPa,实测,否,,示例观测·实测,正常
107,SEEP-0002,大坝0+240断面坝基测压管P2,2026-01-23,上午,244.09,1.83,160.24,水位245/248m；流量2.5/3.2L/s；扬压力180/200kPa,实测,否,,示例观测·实测,正常
108,SEEP-0002,大坝0+240断面坝基测压管P2,2026-01-23,下午,243.82,1.73,157.75,水位245/248m；流量2.5/3.2L/s；扬压力180/200kPa,实测,否,,示例观测·实测,正常
109,SEEP-0002,大坝0+240断面坝基测压管P2,2026-01-24,上午,243.57,1.64,155.42,水位245/248m；流量2.5/3.2L/s；扬压力180/200kPa,实测,否,,示例观测·实测,正常
110,SEEP-0002,大坝0+240断面坝基测压管P2,2026-01-24,下午,243.36,1.56,153.44,水位245/248m；流量2.5/3.2L/s；扬压力180/200kPa,实测,否,,示例观测·实测,正常
111,SEEP-0002,大坝0+240断面坝基测压管P2,2026-01-25,上午,243.19,1.5,151.95,水位245/248m；流量2.5/3.2L/s；扬压力180/200kPa,实测,否,,示例观测·实测,正常
112,SEEP-0002,大坝0+240断面坝基测压管P2,2026-01-25,下午,243.1,1.46,151.05,水位245/248m；流量2.5/3.2L/s；扬压力180/200kPa,实测,否,,示例观测·实测,正常
113,SEEP-0002,大坝0+240断面坝基测压管P2,2026-01-26,上午,243.07,1.45,150.78,水位245/248m；流量2.5/3.2L/s；扬压力180/200kPa,实测,否,,示例观测·实测,正常
114,SEEP-0002,大坝0+240断面坝基测压管P2,2026-01-26,下午,243.1,1.46,151.08,水位245/248m；流量2.5/3.2L/s；扬压力180/200kPa,实测,否,,示例观测·实测,正常
115,SEEP-0002,大坝0+240断面坝基测压管P2,2026-01-27,上午,243.18,1.49,151.83,水位245/248m；流量2.5/3.2L/s；扬压力180/200kPa,实测,否,,示例观测·实测,正常
116,SEEP-0002,大坝0+240断面坝基测压管P2,2026-01-27,下午,243.29,1.53,152.86,水位245/248m；流量2.5/3.2L/s；扬压力180/200kPa,实测,否,,示例观测·实测,正常
117,SEEP-0002,大坝0+240断面坝基测压管P2,2026-01-28,上午,243.42,1.58,154.02,水位245/248m；流量2.5/3.2L/s；扬压力180/200kPa,实测,否,,示例观测·实测,正常
118,SEEP-0002,大坝0+240断面坝基测压管P2,2026-01-28,下午,243.54,1.62,155.16,水位245/248m；流量2.5/3.2L/s；扬压力180/200kPa,实测,否,,示例观测·实测,正常
119,SEEP-0002,大坝0+240断面坝基测压管P2,2026-01-29,上午,243.65,1.66,156.17,水位245/248m；流量2.5/3.2L/s；扬压力180/200kPa,实测,否,,示例观测·实测,正常
120,SEEP-0002,大坝0+240断面坝基测压管P2,2026-01-29,下午,243.75,1.7,157.03,水位245/248m；流量2.5/3.2L/s；扬压力180/200kPa,实测,否,,示例观测·实测,正常
121,SEEP-0002,大坝0+240断面坝基测压管P2,2026-01-30,上午,243.83,1.73,157.8,水位245/248m；流量2.5/3.2L/s；扬压力180/200kPa,实测,否,,示例观测·实测,正常
122,SEEP-0002,大坝0+240断面坝基测压管P2,2026-01-30,下午,243.91,1.76,158.57,水位245/248m；流量2.5/3.2L/s；扬压力180/200kPa,实测,否,,示例观测·实测,正常
123,SEEP-0002,大坝0+240断面坝基测压管P2,2026-01-31,上午,244.01,1.8,159.49,水位245/248m；流量2.5/3.2L/s；扬压力180/200kPa,实测,否,,示例观测·实测,正常
124,SEEP-0002,大坝0+240断面坝基测压管P2,2026-01-31,下午,244.14,1.84,160.71,水位245/248m；流量2.5/3.2L/s；扬压力180/200kPa,实测,否,,示例观测·实测,正常
125,SEEP-0003,左岸坝肩绕坝渗流测压管P3,2026-01-01,上午,242.3,0.52,139,水位245/248m；流量2.5/3.2L/s；扬压力180/200kPa,存量回填（早期无监测日期，按登记顺序）,否,,存量台账回填,正常
126,SEEP-0003,左岸坝肩绕坝渗流测压管P3,2026-01-01,下午,240.49,0.33,131.94,水位245/248m；流量2.5/3.2L/s；扬压力180/200kPa,实测,否,,示例观测·实测,正常
127,SEEP-0003,左岸坝肩绕坝渗流测压管P3,2026-01-02,上午,240.53,0.34,132.21,水位245/248m；流量2.5/3.2L/s；扬压力180/200kPa,实测,否,,示例观测·实测,正常
128,SEEP-0003,左岸坝肩绕坝渗流测压管P3,2026-01-02,下午,240.57,0.34,132.49,水位245/248m；流量2.5/3.2L/s；扬压力180/200kPa,实测,否,,示例观测·实测,正常
129,SEEP-0003,左岸坝肩绕坝渗流测压管P3,2026-01-03,上午,240.63,0.35,132.86,水位245/248m；流量2.5/3.2L/s；扬压力180/200kPa,实测,否,,示例观测·实测,正常
130,SEEP-0003,左岸坝肩绕坝渗流测压管P3,2026-01-03,下午,240.71,0.36,133.39,水位245/248m；流量2.5/3.2L/s；扬压力180/200kPa,实测,否,,示例观测·实测,正常
131,SEEP-0003,左岸坝肩绕坝渗流测压管P3,2026-01-04,上午,240.82,0.38,134.14,水位245/248m；流量2.5/3.2L/s；扬压力180/200kPa,实测,否,,示例观测·实测,正常
132,SEEP-0003,左岸坝肩绕坝渗流测压管P3,2026-01-04,下午,240.97,0.41,135.14,水位245/248m；流量2.5/3.2L/s；扬压力180/200kPa,实测,否,,示例观测·实测,正常
133,SEEP-0003,左岸坝肩绕坝渗流测压管P3,2026-01-05,上午,241.16,0.44,136.39,水位245/248m；流量2.5/3.2L/s；扬压力180/200kPa,实测,否,,示例观测·实测,正常
134,SEEP-0003,左岸坝肩绕坝渗流测压管P3,2026-01-05,下午,241.38,0.48,137.85,水位245/248m；流量2.5/3.2L/s；扬压力180/200kPa,实测,否,,示例观测·实测,正常
135,SEEP-0003,左岸坝肩绕坝渗流测压管P3,2026-01-06,上午,241.62,0.52,139.45,水位245/248m；流量2.5/3.2L/s；扬压力180/200kPa,实测,否,,示例观测·实测,正常
136,SEEP-0003,左岸坝肩绕坝渗流测压管P3,2026-01-06,下午,241.86,0.56,141.1,水位245/248m；流量2.5/3.2L/s；扬压力180/200kPa,实测,否,,示例观测·实测,正常
137,SEEP-0003,左岸坝肩绕坝渗流测压管P3,2026-01-07,上午,242.1,0.6,142.69,水位245/248m；流量2.5/3.2L/s；扬压力180/200kPa,实测,否,,示例观测·实测,正常
138,SEEP-0003,左岸坝肩绕坝渗流测压管P3,2026-01-07,下午,242.32,0.63,144.15,水位245/248m；流量2.5/3.2L/s；扬压力180/200kPa,实测,否,,示例观测·实测,正常
139,SEEP-0003,左岸坝肩绕坝渗流测压管P3,2026-01-08,上午,242.51,0.67,145.41,水位245/248m；流量2.5/3.2L/s；扬压力180/200kPa,实测,否,,示例观测·实测,正常
140,SEEP-0003,左岸坝肩绕坝渗流测压管P3,2026-01-08,下午,242.67,0.69,146.45,水位245/248m；流量2.5/3.2L/s；扬压力180/200kPa,实测,否,,示例观测·实测,正常
141,SEEP-0003,左岸坝肩绕坝渗流测压管P3,2026-01-09,上午,242.8,0.71,147.3,水位245/248m；流量2.5/3.2L/s；扬压力180/200kPa,实测,否,,示例观测·实测,正常
142,SEEP-0003,左岸坝肩绕坝渗流测压管P3,2026-01-09,下午,242.9,0.73,148,水位245/248m；流量2.5/3.2L/s；扬压力180/200kPa,实测,否,,示例观测·实测,正常
143,SEEP-0003,左岸坝肩绕坝渗流测压管P3,2026-01-10,上午,242.99,0.75,148.62,水位245/248m；流量2.5/3.2L/s；扬压力180/200kPa,实测,否,,示例观测·实测,正常
144,SEEP-0003,左岸坝肩绕坝渗流测压管P3,2026-01-10,下午,243.08,0.76,149.23,水位245/248m；流量2.5/3.2L/s；扬压力180/200kPa,实测,否,,示例观测·实测,正常
145,SEEP-0003,左岸坝肩绕坝渗流测压管P3,2026-01-11,上午,243.18,0.78,149.9,水位245/248m；流量2.5/3.2L/s；扬压力180/200kPa,实测,否,,示例观测·实测,正常
146,SEEP-0003,左岸坝肩绕坝渗流测压管P3,2026-01-11,下午,243.3,0.8,150.65,水位245/248m；流量2.5/3.2L/s；扬压力180/200kPa,实测,否,,示例观测·实测,正常
147,SEEP-0003,左岸坝肩绕坝渗流测压管P3,2026-01-12,上午,243.42,0.82,151.48,水位245/248m；流量2.5/3.2L/s；扬压力180/200kPa,实测,否,,示例观测·实测,正常
148,SEEP-0003,左岸坝肩绕坝渗流测压管P3,2026-01-12,下午,243.56,0.84,152.37,水位245/248m；流量2.5/3.2L/s；扬压力180/200kPa,实测,否,,示例观测·实测,正常
149,SEEP-0003,左岸坝肩绕坝渗流测压管P3,2026-01-13,上午,243.69,0.86,153.24,水位245/248m；流量2.5/3.2L/s；扬压力180/200kPa,实测,否,,示例观测·实测,正常
150,SEEP-0003,左岸坝肩绕坝渗流测压管P3,2026-01-13,下午,243.8,0.88,154.01,水位245/248m；流量2.5/3.2L/s；扬压力180/200kPa,实测,否,,示例观测·实测,正常
151,SEEP-0003,左岸坝肩绕坝渗流测压管P3,2026-01-14,上午,243.89,0.89,154.59,水位245/248m；流量2.5/3.2L/s；扬压力180/200kPa,实测,否,,示例观测·实测,正常
152,SEEP-0003,左岸坝肩绕坝渗流测压管P3,2026-01-14,下午,243.94,0.9,154.91,水位245/248m；流量2.5/3.2L/s；扬压力180/200kPa,实测,否,,示例观测·实测,正常
153,SEEP-0003,左岸坝肩绕坝渗流测压管P3,2026-01-15,上午,243.94,0.9,154.92,水位245/248m；流量2.5/3.2L/s；扬压力180/200kPa,实测,否,,示例观测·实测,正常
154,SEEP-0003,左岸坝肩绕坝渗流测压管P3,2026-01-15,下午,243.89,0.9,154.61,水位245/248m；流量2.5/3.2L/s；扬压力180/200kPa,实测,否,,示例观测·实测,正常
155,SEEP-0003,左岸坝肩绕坝渗流测压管P3,2026-01-16,上午,243.8,0.88,154.02,水位245/248m；流量2.5/3.2L/s；扬压力180/200kPa,实测,否,,示例观测·实测,正常
156,SEEP-0003,左岸坝肩绕坝渗流测压管P3,2026-01-16,下午,243.68,0.86,153.21,水位245/248m；流量2.5/3.2L/s；扬压力180/200kPa,实测,否,,示例观测·实测,正常
157,SEEP-0003,左岸坝肩绕坝渗流测压管P3,2026-01-17,上午,243.54,0.84,152.26,水位245/248m；流量2.5/3.2L/s；扬压力180/200kPa,实测,否,,示例观测·实测,正常
158,SEEP-0003,左岸坝肩绕坝渗流测压管P3,2026-01-17,下午,243.39,0.81,151.27,水位245/248m；流量2.5/3.2L/s；扬压力180/200kPa,实测,否,,示例观测·实测,正常
159,SEEP-0003,左岸坝肩绕坝渗流测压管P3,2026-01-18,上午,243.25,0.79,150.3,水位245/248m；流量2.5/3.2L/s；扬压力180/200kPa,实测,否,,示例观测·实测,正常
160,SEEP-0003,左岸坝肩绕坝渗流测压管P3,2026-01-18,下午,243.11,0.77,149.42,水位245/248m；流量2.5/3.2L/s；扬压力180/200kPa,实测,否,,示例观测·实测,正常
161,SEEP-0003,左岸坝肩绕坝渗流测压管P3,2026-01-19,上午,243,0.75,148.64,水位245/248m；流量2.5/3.2L/s；扬压力180/200kPa,实测,否,,示例观测·实测,正常
162,SEEP-0003,左岸坝肩绕坝渗流测压管P3,2026-01-19,下午,242.89,0.73,147.94,水位245/248m；流量2.5/3.2L/s；扬压力180/200kPa,实测,否,,示例观测·实测,正常
163,SEEP-0003,左岸坝肩绕坝渗流测压管P3,2026-01-20,上午,242.78,0.71,147.2,水位245/248m；流量2.5/3.2L/s；扬压力180/200kPa,内插补齐（一天）,是,一天：前后有效读数线性内插,示例观测·内插,正常
164,SEEP-0003,左岸坝肩绕坝渗流测压管P3,2026-01-20,下午,242.67,0.69,146.5,水位245/248m；流量2.5/3.2L/s；扬压力180/200kPa,内插补齐（一天）,是,一天：前后有效读数线性内插,示例观测·内插,正常
165,SEEP-0003,左岸坝肩绕坝渗流测压管P3,2026-01-21,上午,242.56,0.67,145.75,水位245/248m；流量2.5/3.2L/s；扬压力180/200kPa,实测,否,,示例观测·实测,正常
166,SEEP-0003,左岸坝肩绕坝渗流测压管P3,2026-01-21,下午,242.41,0.65,144.76,水位245/248m；流量2.5/3.2L/s；扬压力180/200kPa,实测,否,,示例观测·实测,正常
167,SEEP-0003,左岸坝肩绕坝渗流测压管P3,2026-01-22,上午,242.24,0.62,143.57,水位245/248m；流量2.5/3.2L/s；扬压力180/200kPa,实测,否,,示例观测·实测,正常
168,SEEP-0003,左岸坝肩绕坝渗流测压管P3,2026-01-22,下午,242.03,0.58,142.19,水位245/248m；流量2.5/3.2L/s；扬压力180/200kPa,实测,否,,示例观测·实测,正常
169,SEEP-0003,左岸坝肩绕坝渗流测压管P3,2026-01-23,上午,241.8,0.55,140.65,水位245/248m；流量2.5/3.2L/s；扬压力180/200kPa,实测,否,,示例观测·实测,正常
170,SEEP-0003,左岸坝肩绕坝渗流测压管P3,2026-01-23,下午,241.56,0.51,139.04,水位245/248m；流量2.5/3.2L/s；扬压力180/200kPa,实测,否,,示例观测·实测,正常
171,SEEP-0003,左岸坝肩绕坝渗流测压管P3,2026-01-24,上午,241.32,0.47,137.43,水位245/248m；流量2.5/3.2L/s；扬压力180/200kPa,实测,否,,示例观测·实测,正常
172,SEEP-0003,左岸坝肩绕坝渗流测压管P3,2026-01-24,下午,241.09,0.43,135.94,水位245/248m；流量2.5/3.2L/s；扬压力180/200kPa,实测,否,,示例观测·实测,正常
173,SEEP-0003,左岸坝肩绕坝渗流测压管P3,2026-01-25,上午,240.9,0.4,134.65,水位245/248m；流量2.5/3.2L/s；扬压力180/200kPa,实测,否,,示例观测·实测,正常
174,SEEP-0003,左岸坝肩绕坝渗流测压管P3,2026-01-25,下午,240.74,0.37,133.6,水位245/248m；流量2.5/3.2L/s；扬压力180/200kPa,实测,否,,示例观测·实测,正常
175,SEEP-0003,左岸坝肩绕坝渗流测压管P3,2026-01-26,上午,240.62,0.35,132.82,水位245/248m；流量2.5/3.2L/s；扬压力180/200kPa,实测,否,,示例观测·实测,正常
176,SEEP-0003,左岸坝肩绕坝渗流测压管P3,2026-01-26,下午,240.54,0.34,132.29,水位245/248m；流量2.5/3.2L/s；扬压力180/200kPa,实测,否,,示例观测·实测,正常
177,SEEP-0003,左岸坝肩绕坝渗流测压管P3,2026-01-27,上午,240.49,0.33,131.95,水位245/248m；流量2.5/3.2L/s；扬压力180/200kPa,实测,否,,示例观测·实测,正常
178,SEEP-0003,左岸坝肩绕坝渗流测压管P3,2026-01-27,下午,240.46,0.32,131.74,水位245/248m；流量2.5/3.2L/s；扬压力180/200kPa,实测,否,,示例观测·实测,正常
179,SEEP-0003,左岸坝肩绕坝渗流测压管P3,2026-01-28,上午,240.44,0.32,131.57,水位245/248m；流量2.5/3.2L/s；扬压力180/200kPa,实测,否,,示例观测·实测,正常
180,SEEP-0003,左岸坝肩绕坝渗流测压管P3,2026-01-28,下午,240.41,0.31,131.39,水位245/248m；流量2.5/3.2L/s；扬压力180/200kPa,实测,否,,示例观测·实测,正常
181,SEEP-0003,左岸坝肩绕坝渗流测压管P3,2026-01-29,上午,240.37,0.31,131.15,水位245/248m；流量2.5/3.2L/s；扬压力180/200kPa,实测,否,,示例观测·实测,正常
182,SEEP-0003,左岸坝肩绕坝渗流测压管P3,2026-01-29,下午,240.33,0.3,130.84,水位245/248m；流量2.5/3.2L/s；扬压力180/200kPa,实测,否,,示例观测·实测,正常
183,SEEP-0003,左岸坝肩绕坝渗流测压管P3,2026-01-30,上午,240.28,0.29,130.5,水位245/248m；流量2.5/3.2L/s；扬压力180/200kPa,实测,否,,示例观测·实测,正常
184,SEEP-0003,左岸坝肩绕坝渗流测压管P3,2026-01-30,下午,240.23,0.28,130.19,水位245/248m；流量2.5/3.2L/s；扬压力180/200kPa,实测,否,,示例观测·实测,正常
185,SEEP-0003,左岸坝肩绕坝渗流测压管P3,2026-01-31,上午,240.2,0.28,129.99,水位245/248m；流量2.5/3.2L/s；扬压力180/200kPa,实测,否,,示例观测·实测,正常
186,SEEP-0003,左岸坝肩绕坝渗流测压管P3,2026-01-31,下午,240.2,0.28,129.98,水位245/248m；流量2.5/3.2L/s；扬压力180/200kPa,实测,否,,示例观测·实测,正常
