测点编号,测点位置,监测日期,监测时段,测压管水位,渗流量,扬压力,数据来源,备注
SEEP-0001,大坝0+120断面坝基测压管P1,2026-01-01,上午,243.17,1.8,159.43,示例原始观测,
SEEP-0001,大坝0+120断面坝基测压管P1,2026-01-01,下午,243.37,1.86,161.06,示例原始观测,
SEEP-0001,大坝0+120断面坝基测压管P1,2026-01-02,上午,243.54,1.9,162.43,示例原始观测,
SEEP-0001,大坝0+120断面坝基测压管P1,2026-01-02,下午,243.69,1.94,163.61,示例原始观测,
SEEP-0001,大坝0+120断面坝基测压管P1,2026-01-03,上午,243.82,1.98,164.71,示例原始观测,
SEEP-0001,大坝0+120断面坝基测压管P1,2026-01-03,下午,243.96,2.02,165.83,示例原始观测,
SEEP-0001,大坝0+120断面坝基测压管P1,2026-01-04,上午,244.11,2.06,167.06,示例原始观测,
SEEP-0001,大坝0+120断面坝基测压管P1,2026-01-04,下午,244.28,2.11,168.45,示例原始观测,
SEEP-0001,大坝0+120断面坝基测压管P1,2026-01-05,上午,244.47,2.16,170,示例原始观测,
SEEP-0001,大坝0+120断面坝基测压管P1,2026-01-05,下午,244.67,2.22,171.65,示例原始观测,
SEEP-0001,大坝0+120断面坝基测压管P1,2026-01-06,上午,244.87,2.28,173.29,示例原始观测,
SEEP-0001,大坝0+120断面坝基测压管P1,2026-01-06,下午,245.05,2.33,174.8,示例原始观测,
SEEP-0001,大坝0+120断面坝基测压管P1,2026-01-07,上午,245.2,2.37,176.04,示例原始观测,
SEEP-0001,大坝0+120断面坝基测压管P1,2026-01-07,下午,245.31,2.4,176.89,示例原始观测,
SEEP-0001,大坝0+120断面坝基测压管P1,2026-01-08,上午,245.36,2.41,177.28,示例原始观测,
SEEP-0001,大坝0+120断面坝基测压管P1,2026-01-08,下午,245.35,2.41,177.2,示例原始观测,
SEEP-0001,大坝0+120断面坝基测压管P1,2026-01-09,上午,245.28,2.39,176.69,示例原始观测,
SEEP-0001,大坝0+120断面坝基测压管P1,2026-01-09,下午,245.18,2.36,175.85,示例原始观测,
SEEP-0001,大坝0+120断面坝基测压管P1,2026-01-10,上午,245.05,2.33,174.7,缺测,
SEEP-0001,大坝0+120断面坝基测压管P1,2026-01-10,下午,244.91,2.29,173.64,示例原始观测,
SEEP-0001,大坝0+120断面坝基测压管P1,2026-01-11,上午,244.77,2.25,172.52,示例原始观测,
SEEP-0001,大坝0+120断面坝基测压管P1,2026-01-11,下午,244.65,2.22,171.51,示例原始观测,
SEEP-0001,大坝0+120断面坝基测压管P1,2026-01-12,上午,244.54,2.18,170.62,示例原始观测,
SEEP-0001,大坝0+120断面坝基测压管P1,2026-01-12,下午,244.44,2.16,169.82,示例原始观测,
SEEP-0001,大坝0+120断面坝基测压管P1,2026-01-12,下午,999.9,9.99,999,重复提交（拒收，只认第一次取值）,同一登记键后到，按重复处理，不进入初始化台账
SEEP-0001,大坝0+120断面坝基测压管P1,2026-01-13,上午,244.35,2.13,169.03,示例原始观测,
SEEP-0001,大坝0+120断面坝基测压管P1,2026-01-13,下午,244.24,2.1,168.16,示例原始观测,
SEEP-0001,大坝0+120断面坝基测压管P1,2026-01-14,上午,244.11,2.06,167.08,示例原始观测,
SEEP-0001,大坝0+120断面坝基测压管P1,2026-01-14,下午,243.94,2.02,165.72,示例原始观测,
SEEP-0001,大坝0+120断面坝基测压管P1,2026-01-15,上午,243.73,1.96,164.01,示例原始观测,
SEEP-0001,大坝0+120断面坝基测压管P1,2026-01-15,下午,243.49,1.89,161.98,示例原始观测,
SEEP-0001,大坝0+120断面坝基测压管P1,2026-01-16,上午,243.2,1.81,159.67,示例原始观测,
SEEP-0001,大坝0+120断面坝基测压管P1,2026-01-16,下午,242.9,1.72,157.21,示例原始观测,
SEEP-0001,大坝0+120断面坝基测压管P1,2026-01-17,上午,242.6,1.64,154.73,示例原始观测,
SEEP-0001,大坝0+120断面坝基测压管P1,2026-01-17,下午,242.31,1.56,152.38,示例原始观测,
SEEP-0001,大坝0+120断面坝基测压管P1,2026-01-18,上午,242.06,1.48,150.28,示例原始观测,
SEEP-0001,大坝0+120断面坝基测压管P1,2026-01-18,下午,241.84,1.42,148.52,示例原始观测,
SEEP-0001,大坝0+120断面坝基测压管P1,2026-01-19,上午,241.67,1.38,147.13,示例原始观测,
SEEP-0001,大坝0+120断面坝基测压管P1,2026-01-19,下午,241.54,1.34,146.08,示例原始观测,
SEEP-0001,大坝0+120断面坝基测压管P1,2026-01-20,上午,241.45,1.31,145.3,示例原始观测,
SEEP-0001,大坝0+120断面坝基测压管P1,2026-01-20,下午,241.37,1.29,144.68,示例原始观测,
SEEP-0001,大坝0+120断面坝基测压管P1,2026-01-21,上午,241.3,1.27,144.1,示例原始观测,
SEEP-0001,大坝0+120断面坝基测压管P1,2026-01-21,下午,241.23,1.25,143.48,示例原始观测,
SEEP-0001,大坝0+120断面坝基测压管P1,2026-01-22,上午,241.14,1.22,142.75,示例原始观测,
SEEP-0001,大坝0+120断面坝基测压管P1,2026-01-22,下午,241.04,1.2,141.92,示例原始观测,
SEEP-0001,大坝0+120断面坝基测压管P1,2026-01-23,上午,240.93,1.17,141.04,示例原始观测,
SEEP-0001,大坝0+120断面坝基测压管P1,2026-01-23,下午,240.82,1.14,140.19,示例原始观测,
SEEP-0001,大坝0+120断面坝基测压管P1,2026-01-24,上午,240.74,1.11,139.51,示例原始观测,
SEEP-0001,大坝0+120断面坝基测压管P1,2026-01-24,下午,240.69,1.1,139.11,示例原始观测,
SEEP-0001,大坝0+120断面坝基测压管P1,2026-01-25,上午,240.69,1.1,139.11,示例原始观测,
SEEP-0001,大坝0+120断面坝基测压管P1,2026-01-25,下午,240.75,1.12,139.57,示例原始观测,
SEEP-0001,大坝0+120断面坝基测压管P1,2026-01-26,上午,240.86,1.15,140.49,示例原始观测,
SEEP-0001,大坝0+120断面坝基测压管P1,2026-01-26,下午,241.02,1.19,141.82,示例原始观测,
SEEP-0001,大坝0+120断面坝基测压管P1,2026-01-27,上午,241.22,1.25,143.47,示例原始观测,
SEEP-0001,大坝0+120断面坝基测压管P1,2026-01-27,下午,241.45,1.31,145.29,示例原始观测,
SEEP-0001,大坝0+120断面坝基测压管P1,2026-01-28,上午,241.67,1.38,147.15,示例原始观测,
SEEP-0001,大坝0+120断面坝基测压管P1,2026-01-28,下午,241.89,1.44,148.94,示例原始观测,
SEEP-0001,大坝0+120断面坝基测压管P1,2026-01-29,上午,242.09,1.49,150.56,示例原始观测,
SEEP-0001,大坝0+120断面坝基测压管P1,2026-01-29,下午,242.27,1.54,152,示例原始观测,
SEEP-0001,大坝0+120断面坝基测压管P1,2026-01-30,上午,242.42,1.59,153.27,示例原始观测,
SEEP-0001,大坝0+120断面坝基测压管P1,2026-01-30,下午,242.57,1.63,154.45,示例原始观测,
SEEP-0001,大坝0+120断面坝基测压管P1,2026-01-31,上午,242.71,1.67,155.65,示例原始观测,
SEEP-0001,大坝0+120断面坝基测压管P1,2026-01-31,下午,242.87,1.71,156.96,示例原始观测,
SEEP-0002,大坝0+240断面坝基测压管P2,2026-01-01,上午,244.5,1.97,164,示例原始观测,
SEEP-0002,大坝0+240断面坝基测压管P2,2026-01-01,下午,244.69,2.05,165.79,示例原始观测,
SEEP-0002,大坝0+240断面坝基测压管P2,2026-01-02,上午,244.87,2.11,167.38,示例原始观测,
SEEP-0002,大坝0+240断面坝基测压管P2,2026-01-02,下午,245.03,2.17,168.88,示例原始观测,
SEEP-0002,大坝0+240断面坝基测压管P2,2026-01-03,上午,245.2,2.23,170.43,示例原始观测,
SEEP-0002,大坝0+240断面坝基测压管P2,2026-01-03,下午,245.38,2.3,172.15,示例原始观测,
SEEP-0002,大坝0+240断面坝基测压管P2,2026-01-04,上午,245.6,2.38,174.18,示例原始观测,
SEEP-0002,大坝0+240断面坝基测压管P2,2026-01-04,下午,245.86,2.47,176.56,示例原始观测,
SEEP-0002,大坝0+240断面坝基测压管P2,2026-01-05,上午,246.16,2.58,179.3,示例原始观测,
SEEP-0002,大坝0+240断面坝基测压管P2,2026-01-05,下午,246.48,2.7,182.31,示例原始观测,
SEEP-0002,大坝0+240断面坝基测压管P2,2026-01-06,上午,246.82,2.82,185.43,示例原始观测,
SEEP-0002,大坝0+240断面坝基测压管P2,2026-01-06,下午,247.15,2.94,188.49,示例原始观测,
SEEP-0002,大坝0+240断面坝基测压管P2,2026-01-07,上午,247.46,3.06,191.29,示例原始观测,
SEEP-0002,大坝0+240断面坝基测压管P2,2026-01-07,下午,247.71,3.15,193.67,示例原始观测,
SEEP-0002,大坝0+240断面坝基测压管P2,2026-01-08,上午,247.91,3.22,195.52,示例原始观测,
SEEP-0002,大坝0+240断面坝基测压管P2,2026-01-08,下午,248.05,3.27,196.8,示例原始观测,
SEEP-0002,大坝0+240断面坝基测压管P2,2026-01-09,上午,248.14,3.3,197.57,示例原始观测,
SEEP-0002,大坝0+240断面坝基测压管P2,2026-01-09,下午,248.17,3.32,197.92,示例原始观测,
SEEP-0002,大坝0+240断面坝基测压管P2,2026-01-10,上午,248.18,3.32,198,示例原始观测,
SEEP-0002,大坝0+240断面坝基测压管P2,2026-01-10,下午,248.18,3.32,197.98,示例原始观测,
SEEP-0002,大坝0+240断面坝基测压管P2,2026-01-11,上午,248.18,3.32,197.98,示例原始观测,
SEEP-0002,大坝0+240断面坝基测压管P2,2026-01-11,下午,248.19,3.32,198.09,示例原始观测,
SEEP-0002,大坝0+240断面坝基测压管P2,2026-01-12,上午,248.22,3.33,198.32,示例原始观测,
SEEP-0002,大坝0+240断面坝基测压管P2,2026-01-12,下午,248.25,3.35,198.62,示例原始观测,
SEEP-0002,大坝0+240断面坝基测压管P2,2026-01-13,上午,248.28,3.35,198.86,示例原始观测,
SEEP-0002,大坝0+240断面坝基测压管P2,2026-01-13,下午,248.28,3.36,198.9,示例原始观测,
SEEP-0002,大坝0+240断面坝基测压管P2,2026-01-14,上午,248.24,3.34,198.56,示例原始观测,
SEEP-0002,大坝0+240断面坝基测压管P2,2026-01-14,下午,248.15,3.31,197.74,示例原始观测,
SEEP-0002,大坝0+240断面坝基测压管P2,2026-01-15,上午,,,,缺测,
SEEP-0002,大坝0+240断面坝基测压管P2,2026-01-15,下午,,,,缺测,
SEEP-0002,大坝0+240断面坝基测压管P2,2026-01-16,上午,,,,缺测,
SEEP-0002,大坝0+240断面坝基测压管P2,2026-01-16,下午,,,,缺测,
SEEP-0002,大坝0+240断面坝基测压管P2,2026-01-17,上午,,,,缺测,
SEEP-0002,大坝0+240断面坝基测压管P2,2026-01-17,下午,,,,缺测,
SEEP-0002,大坝0+240断面坝基测压管P2,2026-01-18,上午,,,,缺测,
SEEP-0002,大坝0+240断面坝基测压管P2,2026-01-18,下午,,,,缺测,
SEEP-0002,大坝0+240断面坝基测压管P2,2026-01-19,上午,,,,缺测,
SEEP-0002,大坝0+240断面坝基测压管P2,2026-01-19,下午,,,,缺测,
SEEP-0002,大坝0+240断面坝基测压管P2,2026-01-20,上午,245.38,2.3,172.12,示例原始观测,
SEEP-0002,大坝0+240断面坝基测压管P2,2026-01-20,下午,245.21,2.23,170.55,示例原始观测,
SEEP-0002,大坝0+240断面坝基测压管P2,2026-01-21,上午,245.03,2.17,168.91,示例原始观测,
SEEP-0002,大坝0+240断面坝基测压管P2,2026-01-21,下午,244.84,2.1,167.09,示例原始观测,
SEEP-0002,大坝0+240断面坝基测压管P2,2026-01-22,上午,244.61,2.02,165.02,示例原始观测,
SEEP-0002,大坝0+240断面坝基测压管P2,2026-01-22,下午,244.36,1.92,162.71,示例原始观测,
SEEP-0002,大坝0+240断面坝基测压管P2,2026-01-23,上午,244.09,1.83,160.24,示例原始观测,
SEEP-0002,大坝0+240断面坝基测压管P2,2026-01-23,下午,243.82,1.73,157.75,示例原始观测,
SEEP-0002,大坝0+240断面坝基测压管P2,2026-01-24,上午,243.57,1.64,155.42,示例原始观测,
SEEP-0002,大坝0+240断面坝基测压管P2,2026-01-24,下午,243.36,1.56,153.44,示例原始观测,
SEEP-0002,大坝0+240断面坝基测压管P2,2026-01-25,上午,243.19,1.5,151.95,示例原始观测,
SEEP-0002,大坝0+240断面坝基测压管P2,2026-01-25,下午,243.1,1.46,151.05,示例原始观测,
SEEP-0002,大坝0+240断面坝基测压管P2,2026-01-26,上午,243.07,1.45,150.78,示例原始观测,
SEEP-0002,大坝0+240断面坝基测压管P2,2026-01-26,下午,243.1,1.46,151.08,示例原始观测,
SEEP-0002,大坝0+240断面坝基测压管P2,2026-01-27,上午,243.18,1.49,151.83,示例原始观测,
SEEP-0002,大坝0+240断面坝基测压管P2,2026-01-27,下午,243.29,1.53,152.86,示例原始观测,
SEEP-0002,大坝0+240断面坝基测压管P2,2026-01-28,上午,243.42,1.58,154.02,示例原始观测,
SEEP-0002,大坝0+240断面坝基测压管P2,2026-01-28,下午,243.54,1.62,155.16,示例原始观测,
SEEP-0002,大坝0+240断面坝基测压管P2,2026-01-29,上午,243.65,1.66,156.17,示例原始观测,
SEEP-0002,大坝0+240断面坝基测压管P2,2026-01-29,下午,243.75,1.7,157.03,示例原始观测,
SEEP-0002,大坝0+240断面坝基测压管P2,2026-01-30,上午,243.83,1.73,157.8,示例原始观测,
SEEP-0002,大坝0+240断面坝基测压管P2,2026-01-30,下午,243.91,1.76,158.57,示例原始观测,
SEEP-0002,大坝0+240断面坝基测压管P2,2026-01-31,上午,244.01,1.8,159.49,示例原始观测,
SEEP-0002,大坝0+240断面坝基测压管P2,2026-01-31,下午,244.14,1.84,160.71,示例原始观测,
SEEP-0003,左岸坝肩绕坝渗流测压管P3,2026-01-01,上午,242.3,0.52,139,存量台账（缺监测日期，待回填）,2025年纸质台账转录，原始记录缺监测日期
SEEP-0003,左岸坝肩绕坝渗流测压管P3,2026-01-01,下午,240.49,0.33,131.94,示例原始观测,
SEEP-0003,左岸坝肩绕坝渗流测压管P3,2026-01-02,上午,240.53,0.34,132.21,示例原始观测,
SEEP-0003,左岸坝肩绕坝渗流测压管P3,2026-01-02,下午,240.57,0.34,132.49,示例原始观测,
SEEP-0003,左岸坝肩绕坝渗流测压管P3,2026-01-03,上午,240.63,0.35,132.86,示例原始观测,
SEEP-0003,左岸坝肩绕坝渗流测压管P3,2026-01-03,下午,240.71,0.36,133.39,示例原始观测,
SEEP-0003,左岸坝肩绕坝渗流测压管P3,2026-01-04,上午,240.82,0.38,134.14,示例原始观测,
SEEP-0003,左岸坝肩绕坝渗流测压管P3,2026-01-04,下午,240.97,0.41,135.14,示例原始观测,
SEEP-0003,左岸坝肩绕坝渗流测压管P3,2026-01-05,上午,241.16,0.44,136.39,示例原始观测,
SEEP-0003,左岸坝肩绕坝渗流测压管P3,2026-01-05,下午,241.38,0.48,137.85,示例原始观测,
SEEP-0003,左岸坝肩绕坝渗流测压管P3,2026-01-06,上午,241.62,0.52,139.45,示例原始观测,
SEEP-0003,左岸坝肩绕坝渗流测压管P3,2026-01-06,下午,241.86,0.56,141.1,示例原始观测,
SEEP-0003,左岸坝肩绕坝渗流测压管P3,2026-01-07,上午,242.1,0.6,142.69,示例原始观测,
SEEP-0003,左岸坝肩绕坝渗流测压管P3,2026-01-07,下午,242.32,0.63,144.15,示例原始观测,
SEEP-0003,左岸坝肩绕坝渗流测压管P3,2026-01-08,上午,242.51,0.67,145.41,示例原始观测,
SEEP-0003,左岸坝肩绕坝渗流测压管P3,2026-01-08,下午,242.67,0.69,146.45,示例原始观测,
SEEP-0003,左岸坝肩绕坝渗流测压管P3,2026-01-09,上午,242.8,0.71,147.3,示例原始观测,
SEEP-0003,左岸坝肩绕坝渗流测压管P3,2026-01-09,下午,242.9,0.73,148,示例原始观测,
SEEP-0003,左岸坝肩绕坝渗流测压管P3,2026-01-10,上午,242.99,0.75,148.62,示例原始观测,
SEEP-0003,左岸坝肩绕坝渗流测压管P3,2026-01-10,下午,243.08,0.76,149.23,示例原始观测,
SEEP-0003,左岸坝肩绕坝渗流测压管P3,2026-01-11,上午,243.18,0.78,149.9,示例原始观测,
SEEP-0003,左岸坝肩绕坝渗流测压管P3,2026-01-11,下午,243.3,0.8,150.65,示例原始观测,
SEEP-0003,左岸坝肩绕坝渗流测压管P3,2026-01-12,上午,243.42,0.82,151.48,示例原始观测,
SEEP-0003,左岸坝肩绕坝渗流测压管P3,2026-01-12,下午,243.56,0.84,152.37,示例原始观测,
SEEP-0003,左岸坝肩绕坝渗流测压管P3,2026-01-13,上午,243.69,0.86,153.24,示例原始观测,
SEEP-0003,左岸坝肩绕坝渗流测压管P3,2026-01-13,下午,243.8,0.88,154.01,示例原始观测,
SEEP-0003,左岸坝肩绕坝渗流测压管P3,2026-01-14,上午,243.89,0.89,154.59,示例原始观测,
SEEP-0003,左岸坝肩绕坝渗流测压管P3,2026-01-14,下午,243.94,0.9,154.91,示例原始观测,
SEEP-0003,左岸坝肩绕坝渗流测压管P3,2026-01-15,上午,243.94,0.9,154.92,示例原始观测,
SEEP-0003,左岸坝肩绕坝渗流测压管P3,2026-01-15,下午,243.89,0.9,154.61,示例原始观测,
SEEP-0003,左岸坝肩绕坝渗流测压管P3,2026-01-16,上午,243.8,0.88,154.02,示例原始观测,
SEEP-0003,左岸坝肩绕坝渗流测压管P3,2026-01-16,下午,243.68,0.86,153.21,示例原始观测,
SEEP-0003,左岸坝肩绕坝渗流测压管P3,2026-01-17,上午,243.54,0.84,152.26,示例原始观测,
SEEP-0003,左岸坝肩绕坝渗流测压管P3,2026-01-17,下午,243.39,0.81,151.27,示例原始观测,
SEEP-0003,左岸坝肩绕坝渗流测压管P3,2026-01-18,上午,243.25,0.79,150.3,示例原始观测,
SEEP-0003,左岸坝肩绕坝渗流测压管P3,2026-01-18,下午,243.11,0.77,149.42,示例原始观测,
SEEP-0003,左岸坝肩绕坝渗流测压管P3,2026-01-19,上午,243,0.75,148.64,示例原始观测,
SEEP-0003,左岸坝肩绕坝渗流测压管P3,2026-01-19,下午,242.89,0.73,147.94,示例原始观测,
SEEP-0003,左岸坝肩绕坝渗流测压管P3,2026-01-20,上午,242.78,0.71,147.2,缺测,
SEEP-0003,左岸坝肩绕坝渗流测压管P3,2026-01-20,下午,242.67,0.69,146.5,缺测,
SEEP-0003,左岸坝肩绕坝渗流测压管P3,2026-01-21,上午,242.56,0.67,145.75,示例原始观测,
SEEP-0003,左岸坝肩绕坝渗流测压管P3,2026-01-21,下午,242.41,0.65,144.76,示例原始观测,
SEEP-0003,左岸坝肩绕坝渗流测压管P3,2026-01-22,上午,242.24,0.62,143.57,示例原始观测,
SEEP-0003,左岸坝肩绕坝渗流测压管P3,2026-01-22,下午,242.03,0.58,142.19,示例原始观测,
SEEP-0003,左岸坝肩绕坝渗流测压管P3,2026-01-23,上午,241.8,0.55,140.65,示例原始观测,
SEEP-0003,左岸坝肩绕坝渗流测压管P3,2026-01-23,下午,241.56,0.51,139.04,示例原始观测,
SEEP-0003,左岸坝肩绕坝渗流测压管P3,2026-01-24,上午,241.32,0.47,137.43,示例原始观测,
SEEP-0003,左岸坝肩绕坝渗流测压管P3,2026-01-24,下午,241.09,0.43,135.94,示例原始观测,
SEEP-0003,左岸坝肩绕坝渗流测压管P3,2026-01-25,上午,240.9,0.4,134.65,示例原始观测,
SEEP-0003,左岸坝肩绕坝渗流测压管P3,2026-01-25,下午,240.74,0.37,133.6,示例原始观测,
SEEP-0003,左岸坝肩绕坝渗流测压管P3,2026-01-26,上午,240.62,0.35,132.82,示例原始观测,
SEEP-0003,左岸坝肩绕坝渗流测压管P3,2026-01-26,下午,240.54,0.34,132.29,示例原始观测,
SEEP-0003,左岸坝肩绕坝渗流测压管P3,2026-01-27,上午,240.49,0.33,131.95,示例原始观测,
SEEP-0003,左岸坝肩绕坝渗流测压管P3,2026-01-27,下午,240.46,0.32,131.74,示例原始观测,
SEEP-0003,左岸坝肩绕坝渗流测压管P3,2026-01-28,上午,240.44,0.32,131.57,示例原始观测,
SEEP-0003,左岸坝肩绕坝渗流测压管P3,2026-01-28,下午,240.41,0.31,131.39,示例原始观测,
SEEP-0003,左岸坝肩绕坝渗流测压管P3,2026-01-29,上午,240.37,0.31,131.15,示例原始观测,
SEEP-0003,左岸坝肩绕坝渗流测压管P3,2026-01-29,下午,240.33,0.3,130.84,示例原始观测,
SEEP-0003,左岸坝肩绕坝渗流测压管P3,2026-01-30,上午,240.28,0.29,130.5,示例原始观测,
SEEP-0003,左岸坝肩绕坝渗流测压管P3,2026-01-30,下午,240.23,0.28,130.19,示例原始观测,
SEEP-0003,左岸坝肩绕坝渗流测压管P3,2026-01-31,上午,240.2,0.28,129.99,示例原始观测,
SEEP-0003,左岸坝肩绕坝渗流测压管P3,2026-01-31,下午,240.2,0.28,129.98,示例原始观测,
