测点编号,测点位置,测点断面,测压管水位,渗流量,扬压力,警戒数值,监测日期,监测时间,原始缺测,缺测处理,补测标记,测点状态
SEEP-0001,坝基渗压计P1,,240.9,0.60,116,水位警戒244/报警246.5；流量警戒0.9/报警1.2；扬压力警戒150/报警180,2025-12-30,08:00,,早期无监测日期·按编号顺序回填窗口前,,正常
SEEP-0002,坝基渗压计P2,,,0.57,111,水位警戒243.5/报警246；流量警戒0.9/报警1.2；扬压力警戒145/报警175,2025-12-31,08:00,测压管水位,早期无监测日期·按编号顺序回填窗口前,,正常
SEEP-0001,坝基渗压计P1,坝0+120m坝基,241.27,0.63,118,水位警戒244/报警246.5；流量警戒0.9/报警1.2；扬压力警戒150/报警180,2026-01-01,08:00,,,,正常
SEEP-0002,坝基渗压计P2,坝0+180m坝基,240.58,0.59,111,水位警戒243.5/报警246；流量警戒0.9/报警1.2；扬压力警戒145/报警175,2026-01-01,08:00,,,,正常
SEEP-0003,坝基渗压计P3,坝0+240m坝基,240.08,0.53,107,水位警戒243/报警245.5；流量警戒0.85/报警1.15；扬压力警戒140/报警170,2026-01-01,08:00,,,,正常
SEEP-0004,左岸绕坝渗流R1,左岸坝肩12号洞,243.48,1.05,132,水位警戒246/报警248；流量警戒1.3/报警1.55；扬压力警戒160/报警190,2026-01-01,08:00,,,,正常
SEEP-0005,右岸绕坝渗流R2,右岸坝肩07号洞,242.83,0.97,126,水位警戒245.5/报警247.5；流量警戒1.25/报警1.5；扬压力警戒155/报警185,2026-01-01,08:00,,,,正常
SEEP-0006,坝后量水堰W1,坝后排水沟出口,239.64,1.72,97,水位警戒242.5/报警245；流量警戒2.1/报警2.6；扬压力警戒130/报警160,2026-01-01,08:00,,,,正常
SEEP-0001,坝基渗压计P1,坝0+120m坝基,241.17,0.6,118,水位警戒244/报警246.5；流量警戒0.9/报警1.2；扬压力警戒150/报警180,2026-01-01,20:00,,,,正常
SEEP-0002,坝基渗压计P2,坝0+180m坝基,240.55,0.58,113,水位警戒243.5/报警246；流量警戒0.9/报警1.2；扬压力警戒145/报警175,2026-01-01,20:00,,,,正常
SEEP-0003,坝基渗压计P3,坝0+240m坝基,240.09,0.55,108,水位警戒243/报警245.5；流量警戒0.85/报警1.15；扬压力警戒140/报警170,2026-01-01,20:00,,,,正常
SEEP-0004,左岸绕坝渗流R1,左岸坝肩12号洞,243.45,1.04,133,水位警戒246/报警248；流量警戒1.3/报警1.55；扬压力警戒160/报警190,2026-01-01,20:00,,,,正常
SEEP-0005,右岸绕坝渗流R2,右岸坝肩07号洞,242.82,0.98,128,水位警戒245.5/报警247.5；流量警戒1.25/报警1.5；扬压力警戒155/报警185,2026-01-01,20:00,,,,正常
SEEP-0006,坝后量水堰W1,坝后排水沟出口,239.62,1.71,96,水位警戒242.5/报警245；流量警戒2.1/报警2.6；扬压力警戒130/报警160,2026-01-01,20:00,,,,正常
SEEP-0001,坝基渗压计P1,坝0+120m坝基,241.22,0.61,120,水位警戒244/报警246.5；流量警戒0.9/报警1.2；扬压力警戒150/报警180,2026-01-02,08:00,,,,正常
SEEP-0002,坝基渗压计P2,坝0+180m坝基,240.57,0.59,114,水位警戒243.5/报警246；流量警戒0.9/报警1.2；扬压力警戒145/报警175,2026-01-02,08:00,,,,正常
SEEP-0003,坝基渗压计P3,坝0+240m坝基,240.15,0.55,110,水位警戒243/报警245.5；流量警戒0.85/报警1.15；扬压力警戒140/报警170,2026-01-02,08:00,,,,正常
SEEP-0004,左岸绕坝渗流R1,左岸坝肩12号洞,,,,水位警戒246/报警248；流量警戒1.3/报警1.55；扬压力警戒160/报警190,2026-01-02,08:00,测压管水位、渗流量、扬压力,三天以上缺测·按缺测不补,不补,正常
SEEP-0005,右岸绕坝渗流R2,右岸坝肩07号洞,242.82,0.98,126,水位警戒245.5/报警247.5；流量警戒1.25/报警1.5；扬压力警戒155/报警185,2026-01-02,08:00,,,,正常
SEEP-0006,坝后量水堰W1,坝后排水沟出口,239.69,1.71,98,水位警戒242.5/报警245；流量警戒2.1/报警2.6；扬压力警戒130/报警160,2026-01-02,08:00,,,,正常
SEEP-0001,坝基渗压计P1,坝0+120m坝基,241.26,0.64,121,水位警戒244/报警246.5；流量警戒0.9/报警1.2；扬压力警戒150/报警180,2026-01-02,20:00,,,,正常
SEEP-0002,坝基渗压计P2,坝0+180m坝基,240.71,0.58,114,水位警戒243.5/报警246；流量警戒0.9/报警1.2；扬压力警戒145/报警175,2026-01-02,20:00,,,,正常
SEEP-0003,坝基渗压计P3,坝0+240m坝基,240.07,0.56,109,水位警戒243/报警245.5；流量警戒0.85/报警1.15；扬压力警戒140/报警170,2026-01-02,20:00,,,,正常
SEEP-0004,左岸绕坝渗流R1,左岸坝肩12号洞,,,,水位警戒246/报警248；流量警戒1.3/报警1.55；扬压力警戒160/报警190,2026-01-02,20:00,测压管水位、渗流量、扬压力,三天以上缺测·按缺测不补,不补,正常
SEEP-0005,右岸绕坝渗流R2,右岸坝肩07号洞,242.92,1.01,129,水位警戒245.5/报警247.5；流量警戒1.25/报警1.5；扬压力警戒155/报警185,2026-01-02,20:00,,,,正常
SEEP-0006,坝后量水堰W1,坝后排水沟出口,239.64,1.74,99,水位警戒242.5/报警245；流量警戒2.1/报警2.6；扬压力警戒130/报警160,2026-01-02,20:00,,,,正常
SEEP-0001,坝基渗压计P1,坝0+120m坝基,241.19,0.63,119,水位警戒244/报警246.5；流量警戒0.9/报警1.2；扬压力警戒150/报警180,2026-01-03,08:00,,,,正常
SEEP-0002,坝基渗压计P2,坝0+180m坝基,240.71,0.59,113,水位警戒243.5/报警246；流量警戒0.9/报警1.2；扬压力警戒145/报警175,2026-01-03,08:00,,,,正常
SEEP-0003,坝基渗压计P3,坝0+240m坝基,240.19,0.55,111,水位警戒243/报警245.5；流量警戒0.85/报警1.15；扬压力警戒140/报警170,2026-01-03,08:00,,,,正常
SEEP-0004,左岸绕坝渗流R1,左岸坝肩12号洞,,,,水位警戒246/报警248；流量警戒1.3/报警1.55；扬压力警戒160/报警190,2026-01-03,08:00,测压管水位、渗流量、扬压力,三天以上缺测·按缺测不补,不补,正常
SEEP-0005,右岸绕坝渗流R2,右岸坝肩07号洞,242.83,1,129,水位警戒245.5/报警247.5；流量警戒1.25/报警1.5；扬压力警戒155/报警185,2026-01-03,08:00,,,,正常
SEEP-0006,坝后量水堰W1,坝后排水沟出口,239.62,1.72,98,水位警戒242.5/报警245；流量警戒2.1/报警2.6；扬压力警戒130/报警160,2026-01-03,08:00,,,,正常
SEEP-0001,坝基渗压计P1,坝0+120m坝基,241.29,0.61,121,水位警戒244/报警246.5；流量警戒0.9/报警1.2；扬压力警戒150/报警180,2026-01-03,20:00,,,,正常
SEEP-0002,坝基渗压计P2,坝0+180m坝基,240.63,0.58,113,水位警戒243.5/报警246；流量警戒0.9/报警1.2；扬压力警戒145/报警175,2026-01-03,20:00,,,,正常
SEEP-0003,坝基渗压计P3,坝0+240m坝基,240.1,0.54,112,水位警戒243/报警245.5；流量警戒0.85/报警1.15；扬压力警戒140/报警170,2026-01-03,20:00,,,,正常
SEEP-0004,左岸绕坝渗流R1,左岸坝肩12号洞,,,,水位警戒246/报警248；流量警戒1.3/报警1.55；扬压力警戒160/报警190,2026-01-03,20:00,测压管水位、渗流量、扬压力,三天以上缺测·按缺测不补,不补,正常
SEEP-0005,右岸绕坝渗流R2,右岸坝肩07号洞,242.86,1,128,水位警戒245.5/报警247.5；流量警戒1.25/报警1.5；扬压力警戒155/报警185,2026-01-03,20:00,,,,正常
SEEP-0006,坝后量水堰W1,坝后排水沟出口,239.71,1.74,99,水位警戒242.5/报警245；流量警戒2.1/报警2.6；扬压力警戒130/报警160,2026-01-03,20:00,,,,正常
SEEP-0001,坝基渗压计P1,坝0+120m坝基,241.27,0.63,120,水位警戒244/报警246.5；流量警戒0.9/报警1.2；扬压力警戒150/报警180,2026-01-04,08:00,,,,正常
SEEP-0002,坝基渗压计P2,坝0+180m坝基,240.7,0.59,116,水位警戒243.5/报警246；流量警戒0.9/报警1.2；扬压力警戒145/报警175,2026-01-04,08:00,,,,正常
SEEP-0003,坝基渗压计P3,坝0+240m坝基,240.07,0.54,112,水位警戒243/报警245.5；流量警戒0.85/报警1.15；扬压力警戒140/报警170,2026-01-04,08:00,,,,正常
SEEP-0004,左岸绕坝渗流R1,左岸坝肩12号洞,,,,水位警戒246/报警248；流量警戒1.3/报警1.55；扬压力警戒160/报警190,2026-01-04,08:00,测压管水位、渗流量、扬压力,三天以上缺测·按缺测不补,不补,正常
SEEP-0005,右岸绕坝渗流R2,右岸坝肩07号洞,242.78,0.98,129,水位警戒245.5/报警247.5；流量警戒1.25/报警1.5；扬压力警戒155/报警185,2026-01-04,08:00,,,,正常
SEEP-0006,坝后量水堰W1,坝后排水沟出口,239.61,1.74,98,水位警戒242.5/报警245；流量警戒2.1/报警2.6；扬压力警戒130/报警160,2026-01-04,08:00,,,,正常
SEEP-0001,坝基渗压计P1,坝0+120m坝基,241.19,0.64,121,水位警戒244/报警246.5；流量警戒0.9/报警1.2；扬压力警戒150/报警180,2026-01-04,20:00,,,,正常
SEEP-0002,坝基渗压计P2,坝0+180m坝基,240.71,0.6,117,水位警戒243.5/报警246；流量警戒0.9/报警1.2；扬压力警戒145/报警175,2026-01-04,20:00,,,,正常
SEEP-0003,坝基渗压计P3,坝0+240m坝基,240.08,0.56,112,水位警戒243/报警245.5；流量警戒0.85/报警1.15；扬压力警戒140/报警170,2026-01-04,20:00,,,,正常
SEEP-0004,左岸绕坝渗流R1,左岸坝肩12号洞,,,,水位警戒246/报警248；流量警戒1.3/报警1.55；扬压力警戒160/报警190,2026-01-04,20:00,测压管水位、渗流量、扬压力,三天以上缺测·按缺测不补,不补,正常
SEEP-0005,右岸绕坝渗流R2,右岸坝肩07号洞,242.87,0.99,130,水位警戒245.5/报警247.5；流量警戒1.25/报警1.5；扬压力警戒155/报警185,2026-01-04,20:00,,,,正常
SEEP-0006,坝后量水堰W1,坝后排水沟出口,239.71,1.73,99,水位警戒242.5/报警245；流量警戒2.1/报警2.6；扬压力警戒130/报警160,2026-01-04,20:00,,,,正常
SEEP-0001,坝基渗压计P1,坝0+120m坝基,241.21,0.65,122,水位警戒244/报警246.5；流量警戒0.9/报警1.2；扬压力警戒150/报警180,2026-01-05,08:00,,,,正常
SEEP-0002,坝基渗压计P2,坝0+180m坝基,240.68,0.61,118,水位警戒243.5/报警246；流量警戒0.9/报警1.2；扬压力警戒145/报警175,2026-01-05,08:00,,,,正常
SEEP-0003,坝基渗压计P3,坝0+240m坝基,,,,水位警戒243/报警245.5；流量警戒0.85/报警1.15；扬压力警戒140/报警170,2026-01-05,08:00,测压管水位、渗流量、扬压力,三天以上缺测·按缺测不补,不补,正常
SEEP-0004,左岸绕坝渗流R1,左岸坝肩12号洞,243.44,1.08,136,水位警戒246/报警248；流量警戒1.3/报警1.55；扬压力警戒160/报警190,2026-01-05,08:00,,,,正常
SEEP-0005,右岸绕坝渗流R2,右岸坝肩07号洞,242.81,0.99,129,水位警戒245.5/报警247.5；流量警戒1.25/报警1.5；扬压力警戒155/报警185,2026-01-05,08:00,,,,正常
SEEP-0006,坝后量水堰W1,坝后排水沟出口,239.64,1.76,99,水位警戒242.5/报警245；流量警戒2.1/报警2.6；扬压力警戒130/报警160,2026-01-05,08:00,,,,正常
SEEP-0001,坝基渗压计P1,坝0+120m坝基,241.21,0.65,122,水位警戒244/报警246.5；流量警戒0.9/报警1.2；扬压力警戒150/报警180,2026-01-05,20:00,,,,正常
SEEP-0002,坝基渗压计P2,坝0+180m坝基,240.65,0.58,116,水位警戒243.5/报警246；流量警戒0.9/报警1.2；扬压力警戒145/报警175,2026-01-05,20:00,,,,正常
SEEP-0003,坝基渗压计P3,坝0+240m坝基,,,,水位警戒243/报警245.5；流量警戒0.85/报警1.15；扬压力警戒140/报警170,2026-01-05,20:00,测压管水位、渗流量、扬压力,三天以上缺测·按缺测不补,不补,正常
SEEP-0004,左岸绕坝渗流R1,左岸坝肩12号洞,243.51,1.06,138,水位警戒246/报警248；流量警戒1.3/报警1.55；扬压力警戒160/报警190,2026-01-05,20:00,,,,正常
SEEP-0005,右岸绕坝渗流R2,右岸坝肩07号洞,242.93,1.02,132,水位警戒245.5/报警247.5；流量警戒1.25/报警1.5；扬压力警戒155/报警185,2026-01-05,20:00,,,,正常
SEEP-0006,坝后量水堰W1,坝后排水沟出口,239.69,1.76,100,水位警戒242.5/报警245；流量警戒2.1/报警2.6；扬压力警戒130/报警160,2026-01-05,20:00,,,,正常
SEEP-0001,坝基渗压计P1,坝0+120m坝基,241.23,0.63,124,水位警戒244/报警246.5；流量警戒0.9/报警1.2；扬压力警戒150/报警180,2026-01-06,08:00,,,,正常
SEEP-0002,坝基渗压计P2,坝0+180m坝基,240.67,0.59,116,水位警戒243.5/报警246；流量警戒0.9/报警1.2；扬压力警戒145/报警175,2026-01-06,08:00,,,,正常
SEEP-0003,坝基渗压计P3,坝0+240m坝基,,,,水位警戒243/报警245.5；流量警戒0.85/报警1.15；扬压力警戒140/报警170,2026-01-06,08:00,测压管水位、渗流量、扬压力,三天以上缺测·按缺测不补,不补,正常
SEEP-0004,左岸绕坝渗流R1,左岸坝肩12号洞,243.44,1.07,136,水位警戒246/报警248；流量警戒1.3/报警1.55；扬压力警戒160/报警190,2026-01-06,08:00,,,,正常
SEEP-0005,右岸绕坝渗流R2,右岸坝肩07号洞,242.86,0.99,131,水位警戒245.5/报警247.5；流量警戒1.25/报警1.5；扬压力警戒155/报警185,2026-01-06,08:00,,,,正常
SEEP-0006,坝后量水堰W1,坝后排水沟出口,239.65,1.74,100,水位警戒242.5/报警245；流量警戒2.1/报警2.6；扬压力警戒130/报警160,2026-01-06,08:00,,,,正常
SEEP-0001,坝基渗压计P1,坝0+120m坝基,241.39,0.63,123,水位警戒244/报警246.5；流量警戒0.9/报警1.2；扬压力警戒150/报警180,2026-01-06,20:00,,,,正常
SEEP-0002,坝基渗压计P2,坝0+180m坝基,240.66,0.61,117,水位警戒243.5/报警246；流量警戒0.9/报警1.2；扬压力警戒145/报警175,2026-01-06,20:00,,,,正常
SEEP-0003,坝基渗压计P3,坝0+240m坝基,,,,水位警戒243/报警245.5；流量警戒0.85/报警1.15；扬压力警戒140/报警170,2026-01-06,20:00,测压管水位、渗流量、扬压力,三天以上缺测·按缺测不补,不补,正常
SEEP-0004,左岸绕坝渗流R1,左岸坝肩12号洞,243.44,1.08,138,水位警戒246/报警248；流量警戒1.3/报警1.55；扬压力警戒160/报警190,2026-01-06,20:00,,,,正常
SEEP-0005,右岸绕坝渗流R2,右岸坝肩07号洞,242.82,1,131,水位警戒245.5/报警247.5；流量警戒1.25/报警1.5；扬压力警戒155/报警185,2026-01-06,20:00,,,,正常
SEEP-0006,坝后量水堰W1,坝后排水沟出口,239.63,1.73,103,水位警戒242.5/报警245；流量警戒2.1/报警2.6；扬压力警戒130/报警160,2026-01-06,20:00,,,,正常
SEEP-0001,坝基渗压计P1,坝0+120m坝基,241.32,0.65,125,水位警戒244/报警246.5；流量警戒0.9/报警1.2；扬压力警戒150/报警180,2026-01-07,08:00,,,,正常
SEEP-0002,坝基渗压计P2,坝0+180m坝基,240.65,0.59,119,水位警戒243.5/报警246；流量警戒0.9/报警1.2；扬压力警戒145/报警175,2026-01-07,08:00,,,,正常
SEEP-0003,坝基渗压计P3,坝0+240m坝基,,,,水位警戒243/报警245.5；流量警戒0.85/报警1.15；扬压力警戒140/报警170,2026-01-07,08:00,测压管水位、渗流量、扬压力,三天以上缺测·按缺测不补,不补,正常
SEEP-0004,左岸绕坝渗流R1,左岸坝肩12号洞,243.54,1.09,138,水位警戒246/报警248；流量警戒1.3/报警1.55；扬压力警戒160/报警190,2026-01-07,08:00,,,,正常
SEEP-0005,右岸绕坝渗流R2,右岸坝肩07号洞,243,1.01,133,水位警戒245.5/报警247.5；流量警戒1.25/报警1.5；扬压力警戒155/报警185,2026-01-07,08:00,,,,正常
SEEP-0006,坝后量水堰W1,坝后排水沟出口,239.7,1.74,102,水位警戒242.5/报警245；流量警戒2.1/报警2.6；扬压力警戒130/报警160,2026-01-07,08:00,,,,正常
SEEP-0001,坝基渗压计P1,坝0+120m坝基,241.37,0.66,125,水位警戒244/报警246.5；流量警戒0.9/报警1.2；扬压力警戒150/报警180,2026-01-07,20:00,,,,正常
SEEP-0002,坝基渗压计P2,坝0+180m坝基,240.75,0.63,118,水位警戒243.5/报警246；流量警戒0.9/报警1.2；扬压力警戒145/报警175,2026-01-07,20:00,,,,正常
SEEP-0003,坝基渗压计P3,坝0+240m坝基,,,,水位警戒243/报警245.5；流量警戒0.85/报警1.15；扬压力警戒140/报警170,2026-01-07,20:00,测压管水位、渗流量、扬压力,三天以上缺测·按缺测不补,不补,正常
SEEP-0004,左岸绕坝渗流R1,左岸坝肩12号洞,243.46,1.1,138,水位警戒246/报警248；流量警戒1.3/报警1.55；扬压力警戒160/报警190,2026-01-07,20:00,,,,正常
SEEP-0005,右岸绕坝渗流R2,右岸坝肩07号洞,242.87,1.02,133,水位警戒245.5/报警247.5；流量警戒1.25/报警1.5；扬压力警戒155/报警185,2026-01-07,20:00,,,,正常
SEEP-0006,坝后量水堰W1,坝后排水沟出口,239.68,1.75,103,水位警戒242.5/报警245；流量警戒2.1/报警2.6；扬压力警戒130/报警160,2026-01-07,20:00,,,,正常
SEEP-0001,坝基渗压计P1,坝0+120m坝基,241.29,0.64,126,水位警戒244/报警246.5；流量警戒0.9/报警1.2；扬压力警戒150/报警180,2026-01-08,08:00,,,,正常
SEEP-0002,坝基渗压计P2,坝0+180m坝基,240.74,0.63,118,水位警戒243.5/报警246；流量警戒0.9/报警1.2；扬压力警戒145/报警175,2026-01-08,08:00,,,,正常
SEEP-0003,坝基渗压计P3,坝0+240m坝基,,,,水位警戒243/报警245.5；流量警戒0.85/报警1.15；扬压力警戒140/报警170,2026-01-08,08:00,测压管水位、渗流量、扬压力,三天以上缺测·按缺测不补,不补,正常
SEEP-0004,左岸绕坝渗流R1,左岸坝肩12号洞,243.45,1.09,138,水位警戒246/报警248；流量警戒1.3/报警1.55；扬压力警戒160/报警190,2026-01-08,08:00,,,,正常
SEEP-0005,右岸绕坝渗流R2,右岸坝肩07号洞,242.84,1.02,133,水位警戒245.5/报警247.5；流量警戒1.25/报警1.5；扬压力警戒155/报警185,2026-01-08,08:00,,,,正常
SEEP-0006,坝后量水堰W1,坝后排水沟出口,239.64,1.77,103,水位警戒242.5/报警245；流量警戒2.1/报警2.6；扬压力警戒130/报警160,2026-01-08,08:00,,,,正常
SEEP-0001,坝基渗压计P1,坝0+120m坝基,241.24,0.64,126,水位警戒244/报警246.5；流量警戒0.9/报警1.2；扬压力警戒150/报警180,2026-01-08,20:00,,,,正常
SEEP-0002,坝基渗压计P2,坝0+180m坝基,240.66,0.63,120,水位警戒243.5/报警246；流量警戒0.9/报警1.2；扬压力警戒145/报警175,2026-01-08,20:00,,,,正常
SEEP-0003,坝基渗压计P3,坝0+240m坝基,,,,水位警戒243/报警245.5；流量警戒0.85/报警1.15；扬压力警戒140/报警170,2026-01-08,20:00,测压管水位、渗流量、扬压力,三天以上缺测·按缺测不补,不补,正常
SEEP-0004,左岸绕坝渗流R1,左岸坝肩12号洞,243.53,1.09,140,水位警戒246/报警248；流量警戒1.3/报警1.55；扬压力警戒160/报警190,2026-01-08,20:00,,,,正常
SEEP-0005,右岸绕坝渗流R2,右岸坝肩07号洞,242.99,1,134,水位警戒245.5/报警247.5；流量警戒1.25/报警1.5；扬压力警戒155/报警185,2026-01-08,20:00,,,,正常
SEEP-0006,坝后量水堰W1,坝后排水沟出口,239.67,1.75,105,水位警戒242.5/报警245；流量警戒2.1/报警2.6；扬压力警戒130/报警160,2026-01-08,20:00,,,,正常
SEEP-0001,坝基渗压计P1,坝0+120m坝基,241.32,0.64,125,水位警戒244/报警246.5；流量警戒0.9/报警1.2；扬压力警戒150/报警180,2026-01-09,08:00,,,,正常
SEEP-0002,坝基渗压计P2,坝0+180m坝基,240.76,0.62,120,水位警戒243.5/报警246；流量警戒0.9/报警1.2；扬压力警戒145/报警175,2026-01-09,08:00,,,,正常
SEEP-0003,坝基渗压计P3,坝0+240m坝基,,,,水位警戒243/报警245.5；流量警戒0.85/报警1.15；扬压力警戒140/报警170,2026-01-09,08:00,测压管水位、渗流量、扬压力,三天以上缺测·按缺测不补,不补,正常
SEEP-0004,左岸绕坝渗流R1,左岸坝肩12号洞,243.58,1.1,138,水位警戒246/报警248；流量警戒1.3/报警1.55；扬压力警戒160/报警190,2026-01-09,08:00,,,,正常
SEEP-0005,右岸绕坝渗流R2,右岸坝肩07号洞,242.86,1.02,135,水位警戒245.5/报警247.5；流量警戒1.25/报警1.5；扬压力警戒155/报警185,2026-01-09,08:00,,,,正常
SEEP-0006,坝后量水堰W1,坝后排水沟出口,239.69,1.76,105,水位警戒242.5/报警245；流量警戒2.1/报警2.6；扬压力警戒130/报警160,2026-01-09,08:00,,,,正常
SEEP-0001,坝基渗压计P1,坝0+120m坝基,241.38,0.65,125,水位警戒244/报警246.5；流量警戒0.9/报警1.2；扬压力警戒150/报警180,2026-01-09,20:00,,,,正常
SEEP-0002,坝基渗压计P2,坝0+180m坝基,240.66,0.62,120,水位警戒243.5/报警246；流量警戒0.9/报警1.2；扬压力警戒145/报警175,2026-01-09,20:00,,,,正常
SEEP-0003,坝基渗压计P3,坝0+240m坝基,,,,水位警戒243/报警245.5；流量警戒0.85/报警1.15；扬压力警戒140/报警170,2026-01-09,20:00,测压管水位、渗流量、扬压力,三天以上缺测·按缺测不补,不补,正常
SEEP-0004,左岸绕坝渗流R1,左岸坝肩12号洞,243.64,1.08,139,水位警戒246/报警248；流量警戒1.3/报警1.55；扬压力警戒160/报警190,2026-01-09,20:00,,,,正常
SEEP-0005,右岸绕坝渗流R2,右岸坝肩07号洞,242.95,1.01,135,水位警戒245.5/报警247.5；流量警戒1.25/报警1.5；扬压力警戒155/报警185,2026-01-09,20:00,,,,正常
SEEP-0006,坝后量水堰W1,坝后排水沟出口,239.8,1.75,103,水位警戒242.5/报警245；流量警戒2.1/报警2.6；扬压力警戒130/报警160,2026-01-09,20:00,,,,正常
SEEP-0001,坝基渗压计P1,坝0+120m坝基,241.34,0.66,126.5,水位警戒244/报警246.5；流量警戒0.9/报警1.2；扬压力警戒150/报警180,2026-01-10,08:00,测压管水位、渗流量、扬压力,半天缺测·线性插补,线性插补,正常
SEEP-0002,坝基渗压计P2,坝0+180m坝基,240.7,0.6,120,水位警戒243.5/报警246；流量警戒0.9/报警1.2；扬压力警戒145/报警175,2026-01-10,08:00,,,,正常
SEEP-0003,坝基渗压计P3,坝0+240m坝基,,,,水位警戒243/报警245.5；流量警戒0.85/报警1.15；扬压力警戒140/报警170,2026-01-10,08:00,测压管水位、渗流量、扬压力,三天以上缺测·按缺测不补,不补,正常
SEEP-0004,左岸绕坝渗流R1,左岸坝肩12号洞,243.58,1.07,140,水位警戒246/报警248；流量警戒1.3/报警1.55；扬压力警戒160/报警190,2026-01-10,08:00,,,,正常
SEEP-0005,右岸绕坝渗流R2,右岸坝肩07号洞,243.01,1.01,135,水位警戒245.5/报警247.5；流量警戒1.25/报警1.5；扬压力警戒155/报警185,2026-01-10,08:00,,,,正常
SEEP-0006,坝后量水堰W1,坝后排水沟出口,239.68,1.74,106,水位警戒242.5/报警245；流量警戒2.1/报警2.6；扬压力警戒130/报警160,2026-01-10,08:00,,,,正常
SEEP-0001,坝基渗压计P1,坝0+120m坝基,241.3,0.67,128,水位警戒244/报警246.5；流量警戒0.9/报警1.2；扬压力警戒150/报警180,2026-01-10,20:00,,,,正常
SEEP-0002,坝基渗压计P2,坝0+180m坝基,240.71,0.64,120,水位警戒243.5/报警246；流量警戒0.9/报警1.2；扬压力警戒145/报警175,2026-01-10,20:00,,,,正常
SEEP-0003,坝基渗压计P3,坝0+240m坝基,,,,水位警戒243/报警245.5；流量警戒0.85/报警1.15；扬压力警戒140/报警170,2026-01-10,20:00,测压管水位、渗流量、扬压力,三天以上缺测·按缺测不补,不补,正常
SEEP-0004,左岸绕坝渗流R1,左岸坝肩12号洞,243.52,1.07,142,水位警戒246/报警248；流量警戒1.3/报警1.55；扬压力警戒160/报警190,2026-01-10,20:00,,,,正常
SEEP-0005,右岸绕坝渗流R2,右岸坝肩07号洞,242.95,1.01,134,水位警戒245.5/报警247.5；流量警戒1.25/报警1.5；扬压力警戒155/报警185,2026-01-10,20:00,,,,正常
SEEP-0006,坝后量水堰W1,坝后排水沟出口,239.69,1.74,105,水位警戒242.5/报警245；流量警戒2.1/报警2.6；扬压力警戒130/报警160,2026-01-10,20:00,,,,正常
SEEP-0001,坝基渗压计P1,坝0+120m坝基,241.28,0.68,128,水位警戒244/报警246.5；流量警戒0.9/报警1.2；扬压力警戒150/报警180,2026-01-11,08:00,,,,正常
SEEP-0002,坝基渗压计P2,坝0+180m坝基,240.82,0.64,123,水位警戒243.5/报警246；流量警戒0.9/报警1.2；扬压力警戒145/报警175,2026-01-11,08:00,,,,正常
SEEP-0003,坝基渗压计P3,坝0+240m坝基,,,,水位警戒243/报警245.5；流量警戒0.85/报警1.15；扬压力警戒140/报警170,2026-01-11,08:00,测压管水位、渗流量、扬压力,三天以上缺测·按缺测不补,不补,正常
SEEP-0004,左岸绕坝渗流R1,左岸坝肩12号洞,243.58,1.11,140,水位警戒246/报警248；流量警戒1.3/报警1.55；扬压力警戒160/报警190,2026-01-11,08:00,,,,正常
SEEP-0005,右岸绕坝渗流R2,右岸坝肩07号洞,242.97,1.01,135,水位警戒245.5/报警247.5；流量警戒1.25/报警1.5；扬压力警戒155/报警185,2026-01-11,08:00,,,,正常
SEEP-0006,坝后量水堰W1,坝后排水沟出口,239.68,1.77,106,水位警戒242.5/报警245；流量警戒2.1/报警2.6；扬压力警戒130/报警160,2026-01-11,08:00,,,,正常
SEEP-0001,坝基渗压计P1,坝0+120m坝基,241.45,0.65,128,水位警戒244/报警246.5；流量警戒0.9/报警1.2；扬压力警戒150/报警180,2026-01-11,20:00,,,,正常
SEEP-0002,坝基渗压计P2,坝0+180m坝基,240.8,0.6,122,水位警戒243.5/报警246；流量警戒0.9/报警1.2；扬压力警戒145/报警175,2026-01-11,20:00,,,,正常
SEEP-0003,坝基渗压计P3,坝0+240m坝基,,,,水位警戒243/报警245.5；流量警戒0.85/报警1.15；扬压力警戒140/报警170,2026-01-11,20:00,测压管水位、渗流量、扬压力,三天以上缺测·按缺测不补,不补,正常
SEEP-0004,左岸绕坝渗流R1,左岸坝肩12号洞,243.51,1.11,140,水位警戒246/报警248；流量警戒1.3/报警1.55；扬压力警戒160/报警190,2026-01-11,20:00,,,,正常
SEEP-0005,右岸绕坝渗流R2,右岸坝肩07号洞,242.94,1.04,135,水位警戒245.5/报警247.5；流量警戒1.25/报警1.5；扬压力警戒155/报警185,2026-01-11,20:00,,,,正常
SEEP-0006,坝后量水堰W1,坝后排水沟出口,239.82,1.77,107,水位警戒242.5/报警245；流量警戒2.1/报警2.6；扬压力警戒130/报警160,2026-01-11,20:00,,,,正常
SEEP-0001,坝基渗压计P1,坝0+120m坝基,241.41,0.68,128,水位警戒244/报警246.5；流量警戒0.9/报警1.2；扬压力警戒150/报警180,2026-01-12,08:00,,,,正常
SEEP-0002,坝基渗压计P2,坝0+180m坝基,240.7,0.63,121,水位警戒243.5/报警246；流量警戒0.9/报警1.2；扬压力警戒145/报警175,2026-01-12,08:00,,,,正常
SEEP-0003,坝基渗压计P3,坝0+240m坝基,240.18,0.58,118,水位警戒243/报警245.5；流量警戒0.85/报警1.15；扬压力警戒140/报警170,2026-01-12,08:00,,,,正常
SEEP-0004,左岸绕坝渗流R1,左岸坝肩12号洞,243.67,1.1,140,水位警戒246/报警248；流量警戒1.3/报警1.55；扬压力警戒160/报警190,2026-01-12,08:00,,,,正常
SEEP-0005,右岸绕坝渗流R2,右岸坝肩07号洞,242.98,1.03,134,水位警戒245.5/报警247.5；流量警戒1.25/报警1.5；扬压力警戒155/报警185,2026-01-12,08:00,,,,正常
SEEP-0006,坝后量水堰W1,坝后排水沟出口,239.82,1.76,106,水位警戒242.5/报警245；流量警戒2.1/报警2.6；扬压力警戒130/报警160,2026-01-12,08:00,,,,正常
SEEP-0001,坝基渗压计P1,坝0+120m坝基,241.45,0.66,128,水位警戒244/报警246.5；流量警戒0.9/报警1.2；扬压力警戒150/报警180,2026-01-12,20:00,,,,正常
SEEP-0002,坝基渗压计P2,坝0+180m坝基,240.76,0.64,121,水位警戒243.5/报警246；流量警戒0.9/报警1.2；扬压力警戒145/报警175,2026-01-12,20:00,,,,正常
SEEP-0003,坝基渗压计P3,坝0+240m坝基,240.19,0.6,119,水位警戒243/报警245.5；流量警戒0.85/报警1.15；扬压力警戒140/报警170,2026-01-12,20:00,,,,正常
SEEP-0004,左岸绕坝渗流R1,左岸坝肩12号洞,243.65,1.09,141,水位警戒246/报警248；流量警戒1.3/报警1.55；扬压力警戒160/报警190,2026-01-12,20:00,,,,正常
SEEP-0005,右岸绕坝渗流R2,右岸坝肩07号洞,243.01,1.01,135,水位警戒245.5/报警247.5；流量警戒1.25/报警1.5；扬压力警戒155/报警185,2026-01-12,20:00,,,,正常
SEEP-0006,坝后量水堰W1,坝后排水沟出口,239.7,1.77,107,水位警戒242.5/报警245；流量警戒2.1/报警2.6；扬压力警戒130/报警160,2026-01-12,20:00,,,,正常
SEEP-0001,坝基渗压计P1,坝0+120m坝基,241.38,0.67,129,水位警戒244/报警246.5；流量警戒0.9/报警1.2；扬压力警戒150/报警180,2026-01-13,08:00,,,,正常
SEEP-0002,坝基渗压计P2,坝0+180m坝基,240.79,0.61,122,水位警戒243.5/报警246；流量警戒0.9/报警1.2；扬压力警戒145/报警175,2026-01-13,08:00,,,,正常
SEEP-0003,坝基渗压计P3,坝0+240m坝基,240.34,0.59,120,水位警戒243/报警245.5；流量警戒0.85/报警1.15；扬压力警戒140/报警170,2026-01-13,08:00,,,,正常
SEEP-0004,左岸绕坝渗流R1,左岸坝肩12号洞,243.68,1.08,142,水位警戒246/报警248；流量警戒1.3/报警1.55；扬压力警戒160/报警190,2026-01-13,08:00,,,,正常
SEEP-0005,右岸绕坝渗流R2,右岸坝肩07号洞,242.94,1.02,136,水位警戒245.5/报警247.5；流量警戒1.25/报警1.5；扬压力警戒155/报警185,2026-01-13,08:00,,,,正常
SEEP-0006,坝后量水堰W1,坝后排水沟出口,239.74,1.75,107,水位警戒242.5/报警245；流量警戒2.1/报警2.6；扬压力警戒130/报警160,2026-01-13,08:00,,,,正常
SEEP-0001,坝基渗压计P1,坝0+120m坝基,241.32,0.68,128,水位警戒244/报警246.5；流量警戒0.9/报警1.2；扬压力警戒150/报警180,2026-01-13,20:00,,,,正常
SEEP-0002,坝基渗压计P2,坝0+180m坝基,240.84,0.62,122,水位警戒243.5/报警246；流量警戒0.9/报警1.2；扬压力警戒145/报警175,2026-01-13,20:00,,,,正常
SEEP-0003,坝基渗压计P3,坝0+240m坝基,240.18,0.57,118,水位警戒243/报警245.5；流量警戒0.85/报警1.15；扬压力警戒140/报警170,2026-01-13,20:00,,,,正常
SEEP-0004,左岸绕坝渗流R1,左岸坝肩12号洞,243.63,1.09,144,水位警戒246/报警248；流量警戒1.3/报警1.55；扬压力警戒160/报警190,2026-01-13,20:00,,,,正常
SEEP-0005,右岸绕坝渗流R2,右岸坝肩07号洞,243.03,1.01,136,水位警戒245.5/报警247.5；流量警戒1.25/报警1.5；扬压力警戒155/报警185,2026-01-13,20:00,,,,正常
SEEP-0006,坝后量水堰W1,坝后排水沟出口,239.78,1.76,106,水位警戒242.5/报警245；流量警戒2.1/报警2.6；扬压力警戒130/报警160,2026-01-13,20:00,,,,正常
SEEP-0001,坝基渗压计P1,坝0+120m坝基,241.48,0.66,130,水位警戒244/报警246.5；流量警戒0.9/报警1.2；扬压力警戒150/报警180,2026-01-14,08:00,,,,正常
SEEP-0002,坝基渗压计P2,坝0+180m坝基,240.82,0.61,122,水位警戒243.5/报警246；流量警戒0.9/报警1.2；扬压力警戒145/报警175,2026-01-14,08:00,,,,正常
SEEP-0003,坝基渗压计P3,坝0+240m坝基,240.34,0.57,120,水位警戒243/报警245.5；流量警戒0.85/报警1.15；扬压力警戒140/报警170,2026-01-14,08:00,,,,正常
SEEP-0004,左岸绕坝渗流R1,左岸坝肩12号洞,243.66,1.1,143,水位警戒246/报警248；流量警戒1.3/报警1.55；扬压力警戒160/报警190,2026-01-14,08:00,,,,正常
SEEP-0005,右岸绕坝渗流R2,右岸坝肩07号洞,242.98,1.03,137,水位警戒245.5/报警247.5；流量警戒1.25/报警1.5；扬压力警戒155/报警185,2026-01-14,08:00,,,,正常
SEEP-0006,坝后量水堰W1,坝后排水沟出口,239.75,1.75,106,水位警戒242.5/报警245；流量警戒2.1/报警2.6；扬压力警戒130/报警160,2026-01-14,08:00,,,,正常
SEEP-0001,坝基渗压计P1,坝0+120m坝基,241.44,0.65,128,水位警戒244/报警246.5；流量警戒0.9/报警1.2；扬压力警戒150/报警180,2026-01-14,20:00,,,,正常
SEEP-0002,坝基渗压计P2,坝0+180m坝基,240.83,0.63,121,水位警戒243.5/报警246；流量警戒0.9/报警1.2；扬压力警戒145/报警175,2026-01-14,20:00,,,,正常
SEEP-0003,坝基渗压计P3,坝0+240m坝基,240.19,0.6,118,水位警戒243/报警245.5；流量警戒0.85/报警1.15；扬压力警戒140/报警170,2026-01-14,20:00,,,,正常
SEEP-0004,左岸绕坝渗流R1,左岸坝肩12号洞,243.6,1.11,143,水位警戒246/报警248；流量警戒1.3/报警1.55；扬压力警戒160/报警190,2026-01-14,20:00,,,,正常
SEEP-0005,右岸绕坝渗流R2,右岸坝肩07号洞,242.95,1.02,135,水位警戒245.5/报警247.5；流量警戒1.25/报警1.5；扬压力警戒155/报警185,2026-01-14,20:00,,,,正常
SEEP-0006,坝后量水堰W1,坝后排水沟出口,239.8,1.76,107,水位警戒242.5/报警245；流量警戒2.1/报警2.6；扬压力警戒130/报警160,2026-01-14,20:00,,,,正常
SEEP-0001,坝基渗压计P1,坝0+120m坝基,241.33,0.68,130,水位警戒244/报警246.5；流量警戒0.9/报警1.2；扬压力警戒150/报警180,2026-01-15,08:00,,,,正常
SEEP-0002,坝基渗压计P2,坝0+180m坝基,240.82,0.61,122,水位警戒243.5/报警246；流量警戒0.9/报警1.2；扬压力警戒145/报警175,2026-01-15,08:00,,,,正常
SEEP-0003,坝基渗压计P3,坝0+240m坝基,240.23,0.58,117,水位警戒243/报警245.5；流量警戒0.85/报警1.15；扬压力警戒140/报警170,2026-01-15,08:00,,,,正常
SEEP-0004,左岸绕坝渗流R1,左岸坝肩12号洞,243.66,1.1,143,水位警戒246/报警248；流量警戒1.3/报警1.55；扬压力警戒160/报警190,2026-01-15,08:00,,,,正常
SEEP-0005,右岸绕坝渗流R2,右岸坝肩07号洞,242.99,1.04,136,水位警戒245.5/报警247.5；流量警戒1.25/报警1.5；扬压力警戒155/报警185,2026-01-15,08:00,,,,正常
SEEP-0006,坝后量水堰W1,坝后排水沟出口,239.72,1.79,106,水位警戒242.5/报警245；流量警戒2.1/报警2.6；扬压力警戒130/报警160,2026-01-15,08:00,,,,正常
SEEP-0001,坝基渗压计P1,坝0+120m坝基,241.33,0.69,128,水位警戒244/报警246.5；流量警戒0.9/报警1.2；扬压力警戒150/报警180,2026-01-15,20:00,,,,正常
SEEP-0002,坝基渗压计P2,坝0+180m坝基,240.86,0.64,123,水位警戒243.5/报警246；流量警戒0.9/报警1.2；扬压力警戒145/报警175,2026-01-15,20:00,,,,正常
SEEP-0003,坝基渗压计P3,坝0+240m坝基,240.21,0.59,117,水位警戒243/报警245.5；流量警戒0.85/报警1.15；扬压力警戒140/报警170,2026-01-15,20:00,,,,正常
SEEP-0004,左岸绕坝渗流R1,左岸坝肩12号洞,243.6,1.08,142,水位警戒246/报警248；流量警戒1.3/报警1.55；扬压力警戒160/报警190,2026-01-15,20:00,,,,正常
SEEP-0005,右岸绕坝渗流R2,右岸坝肩07号洞,242.99,1.02,136,水位警戒245.5/报警247.5；流量警戒1.25/报警1.5；扬压力警戒155/报警185,2026-01-15,20:00,,,,正常
SEEP-0006,坝后量水堰W1,坝后排水沟出口,239.8,1.78,107,水位警戒242.5/报警245；流量警戒2.1/报警2.6；扬压力警戒130/报警160,2026-01-15,20:00,,,,正常
SEEP-0001,坝基渗压计P1,坝0+120m坝基,241.4,0.67,130,水位警戒244/报警246.5；流量警戒0.9/报警1.2；扬压力警戒150/报警180,2026-01-16,08:00,,,,正常
SEEP-0002,坝基渗压计P2,坝0+180m坝基,240.86,0.61,123,水位警戒243.5/报警246；流量警戒0.9/报警1.2；扬压力警戒145/报警175,2026-01-16,08:00,,,,正常
SEEP-0003,坝基渗压计P3,坝0+240m坝基,240.29,0.6,118,水位警戒243/报警245.5；流量警戒0.85/报警1.15；扬压力警戒140/报警170,2026-01-16,08:00,,,,正常
SEEP-0004,左岸绕坝渗流R1,左岸坝肩12号洞,243.71,1.09,142,水位警戒246/报警248；流量警戒1.3/报警1.55；扬压力警戒160/报警190,2026-01-16,08:00,,,,正常
SEEP-0005,右岸绕坝渗流R2,右岸坝肩07号洞,,,,水位警戒245.5/报警247.5；流量警戒1.25/报警1.5；扬压力警戒155/报警185,2026-01-16,08:00,测压管水位、渗流量、扬压力,三天以上缺测·按缺测不补,不补,正常
SEEP-0006,坝后量水堰W1,坝后排水沟出口,239.72,1.77,107,水位警戒242.5/报警245；流量警戒2.1/报警2.6；扬压力警戒130/报警160,2026-01-16,08:00,,,,正常
SEEP-0001,坝基渗压计P1,坝0+120m坝基,241.33,0.65,128,水位警戒244/报警246.5；流量警戒0.9/报警1.2；扬压力警戒150/报警180,2026-01-16,20:00,,,,正常
SEEP-0002,坝基渗压计P2,坝0+180m坝基,240.77,0.62,124,水位警戒243.5/报警246；流量警戒0.9/报警1.2；扬压力警戒145/报警175,2026-01-16,20:00,,,,正常
SEEP-0003,坝基渗压计P3,坝0+240m坝基,240.28,0.57,118,水位警戒243/报警245.5；流量警戒0.85/报警1.15；扬压力警戒140/报警170,2026-01-16,20:00,,,,正常
SEEP-0004,左岸绕坝渗流R1,左岸坝肩12号洞,243.6,1.11,142,水位警戒246/报警248；流量警戒1.3/报警1.55；扬压力警戒160/报警190,2026-01-16,20:00,,,,正常
SEEP-0005,右岸绕坝渗流R2,右岸坝肩07号洞,,,,水位警戒245.5/报警247.5；流量警戒1.25/报警1.5；扬压力警戒155/报警185,2026-01-16,20:00,测压管水位、渗流量、扬压力,三天以上缺测·按缺测不补,不补,正常
SEEP-0006,坝后量水堰W1,坝后排水沟出口,239.89,1.77,106,水位警戒242.5/报警245；流量警戒2.1/报警2.6；扬压力警戒130/报警160,2026-01-16,20:00,,,,正常
SEEP-0001,坝基渗压计P1,坝0+120m坝基,241.33,0.66,128,水位警戒244/报警246.5；流量警戒0.9/报警1.2；扬压力警戒150/报警180,2026-01-17,08:00,,,,正常
SEEP-0002,坝基渗压计P2,坝0+180m坝基,240.87,0.61,122,水位警戒243.5/报警246；流量警戒0.9/报警1.2；扬压力警戒145/报警175,2026-01-17,08:00,,,,正常
SEEP-0003,坝基渗压计P3,坝0+240m坝基,240.31,0.59,120,水位警戒243/报警245.5；流量警戒0.85/报警1.15；扬压力警戒140/报警170,2026-01-17,08:00,,,,正常
SEEP-0004,左岸绕坝渗流R1,左岸坝肩12号洞,243.57,1.08,143,水位警戒246/报警248；流量警戒1.3/报警1.55；扬压力警戒160/报警190,2026-01-17,08:00,,,,正常
SEEP-0005,右岸绕坝渗流R2,右岸坝肩07号洞,,,,水位警戒245.5/报警247.5；流量警戒1.25/报警1.5；扬压力警戒155/报警185,2026-01-17,08:00,测压管水位、渗流量、扬压力,三天以上缺测·按缺测不补,不补,正常
SEEP-0006,坝后量水堰W1,坝后排水沟出口,239.73,1.77,108,水位警戒242.5/报警245；流量警戒2.1/报警2.6；扬压力警戒130/报警160,2026-01-17,08:00,,,,正常
SEEP-0001,坝基渗压计P1,坝0+120m坝基,241.39,0.66,129,水位警戒244/报警246.5；流量警戒0.9/报警1.2；扬压力警戒150/报警180,2026-01-17,20:00,,,,正常
SEEP-0002,坝基渗压计P2,坝0+180m坝基,240.77,0.62,122,水位警戒243.5/报警246；流量警戒0.9/报警1.2；扬压力警戒145/报警175,2026-01-17,20:00,,,,正常
SEEP-0003,坝基渗压计P3,坝0+240m坝基,240.34,0.59,120,水位警戒243/报警245.5；流量警戒0.85/报警1.15；扬压力警戒140/报警170,2026-01-17,20:00,,,,正常
SEEP-0004,左岸绕坝渗流R1,左岸坝肩12号洞,243.62,1.1,143,水位警戒246/报警248；流量警戒1.3/报警1.55；扬压力警戒160/报警190,2026-01-17,20:00,,,,正常
SEEP-0005,右岸绕坝渗流R2,右岸坝肩07号洞,,,,水位警戒245.5/报警247.5；流量警戒1.25/报警1.5；扬压力警戒155/报警185,2026-01-17,20:00,测压管水位、渗流量、扬压力,三天以上缺测·按缺测不补,不补,正常
SEEP-0006,坝后量水堰W1,坝后排水沟出口,239.86,1.76,106,水位警戒242.5/报警245；流量警戒2.1/报警2.6；扬压力警戒130/报警160,2026-01-17,20:00,,,,正常
SEEP-0001,坝基渗压计P1,坝0+120m坝基,241.41,0.66,130,水位警戒244/报警246.5；流量警戒0.9/报警1.2；扬压力警戒150/报警180,2026-01-18,08:00,,,,正常
SEEP-0002,坝基渗压计P2,坝0+180m坝基,240.84,0.61,123,水位警戒243.5/报警246；流量警戒0.9/报警1.2；扬压力警戒145/报警175,2026-01-18,08:00,,,,正常
SEEP-0003,坝基渗压计P3,坝0+240m坝基,240.27,0.6,119,水位警戒243/报警245.5；流量警戒0.85/报警1.15；扬压力警戒140/报警170,2026-01-18,08:00,,,,正常
SEEP-0004,左岸绕坝渗流R1,左岸坝肩12号洞,243.57,1.08,142,水位警戒246/报警248；流量警戒1.3/报警1.55；扬压力警戒160/报警190,2026-01-18,08:00,,,,正常
SEEP-0005,右岸绕坝渗流R2,右岸坝肩07号洞,,,,水位警戒245.5/报警247.5；流量警戒1.25/报警1.5；扬压力警戒155/报警185,2026-01-18,08:00,测压管水位、渗流量、扬压力,三天以上缺测·按缺测不补,不补,正常
SEEP-0006,坝后量水堰W1,坝后排水沟出口,239.72,1.75,107,水位警戒242.5/报警245；流量警戒2.1/报警2.6；扬压力警戒130/报警160,2026-01-18,08:00,,,,正常
SEEP-0001,坝基渗压计P1,坝0+120m坝基,241.34,0.65,128,水位警戒244/报警246.5；流量警戒0.9/报警1.2；扬压力警戒150/报警180,2026-01-18,20:00,,,,正常
SEEP-0002,坝基渗压计P2,坝0+180m坝基,240.75,0.62,123,水位警戒243.5/报警246；流量警戒0.9/报警1.2；扬压力警戒145/报警175,2026-01-18,20:00,,,,正常
SEEP-0003,坝基渗压计P3,坝0+240m坝基,240.31,0.58,119,水位警戒243/报警245.5；流量警戒0.85/报警1.15；扬压力警戒140/报警170,2026-01-18,20:00,,,,正常
SEEP-0004,左岸绕坝渗流R1,左岸坝肩12号洞,243.74,1.1,143,水位警戒246/报警248；流量警戒1.3/报警1.55；扬压力警戒160/报警190,2026-01-18,20:00,,,,正常
SEEP-0005,右岸绕坝渗流R2,右岸坝肩07号洞,,,,水位警戒245.5/报警247.5；流量警戒1.25/报警1.5；扬压力警戒155/报警185,2026-01-18,20:00,测压管水位、渗流量、扬压力,三天以上缺测·按缺测不补,不补,正常
SEEP-0006,坝后量水堰W1,坝后排水沟出口,239.82,1.75,107,水位警戒242.5/报警245；流量警戒2.1/报警2.6；扬压力警戒130/报警160,2026-01-18,20:00,,,,正常
SEEP-0001,坝基渗压计P1,坝0+120m坝基,241.4,0.67,128,水位警戒244/报警246.5；流量警戒0.9/报警1.2；扬压力警戒150/报警180,2026-01-19,08:00,,,,正常
SEEP-0002,坝基渗压计P2,坝0+180m坝基,240.8,0.63,123,水位警戒243.5/报警246；流量警戒0.9/报警1.2；扬压力警戒145/报警175,2026-01-19,08:00,,,,正常
SEEP-0003,坝基渗压计P3,坝0+240m坝基,240.31,0.59,118,水位警戒243/报警245.5；流量警戒0.85/报警1.15；扬压力警戒140/报警170,2026-01-19,08:00,,,,正常
SEEP-0004,左岸绕坝渗流R1,左岸坝肩12号洞,243.63,1.1,142,水位警戒246/报警248；流量警戒1.3/报警1.55；扬压力警戒160/报警190,2026-01-19,08:00,,,,正常
SEEP-0005,右岸绕坝渗流R2,右岸坝肩07号洞,243.1,1.04,135,水位警戒245.5/报警247.5；流量警戒1.25/报警1.5；扬压力警戒155/报警185,2026-01-19,08:00,,,,正常
SEEP-0006,坝后量水堰W1,坝后排水沟出口,239.86,1.77,108,水位警戒242.5/报警245；流量警戒2.1/报警2.6；扬压力警戒130/报警160,2026-01-19,08:00,,,,正常
SEEP-0001,坝基渗压计P1,坝0+120m坝基,241.47,0.68,129,水位警戒244/报警246.5；流量警戒0.9/报警1.2；扬压力警戒150/报警180,2026-01-19,20:00,,,,正常
SEEP-0002,坝基渗压计P2,坝0+180m坝基,240.75,0.62,123,水位警戒243.5/报警246；流量警戒0.9/报警1.2；扬压力警戒145/报警175,2026-01-19,20:00,,,,正常
SEEP-0003,坝基渗压计P3,坝0+240m坝基,240.28,0.59,119,水位警戒243/报警245.5；流量警戒0.85/报警1.15；扬压力警戒140/报警170,2026-01-19,20:00,,,,正常
SEEP-0004,左岸绕坝渗流R1,左岸坝肩12号洞,243.68,1.09,142,水位警戒246/报警248；流量警戒1.3/报警1.55；扬压力警戒160/报警190,2026-01-19,20:00,,,,正常
SEEP-0005,右岸绕坝渗流R2,右岸坝肩07号洞,243.01,1.03,135,水位警戒245.5/报警247.5；流量警戒1.25/报警1.5；扬压力警戒155/报警185,2026-01-19,20:00,,,,正常
SEEP-0006,坝后量水堰W1,坝后排水沟出口,239.86,1.76,106,水位警戒242.5/报警245；流量警戒2.1/报警2.6；扬压力警戒130/报警160,2026-01-19,20:00,,,,正常
SEEP-0001,坝基渗压计P1,坝0+120m坝基,241.46,0.65,129,水位警戒244/报警246.5；流量警戒0.9/报警1.2；扬压力警戒150/报警180,2026-01-20,08:00,,,,正常
SEEP-0002,坝基渗压计P2,坝0+180m坝基,240.8,0.63,123,水位警戒243.5/报警246；流量警戒0.9/报警1.2；扬压力警戒145/报警175,2026-01-20,08:00,,,,正常
SEEP-0003,坝基渗压计P3,坝0+240m坝基,240.33,0.57,119,水位警戒243/报警245.5；流量警戒0.85/报警1.15；扬压力警戒140/报警170,2026-01-20,08:00,,,,正常
SEEP-0004,左岸绕坝渗流R1,左岸坝肩12号洞,243.62,1.08,144,水位警戒246/报警248；流量警戒1.3/报警1.55；扬压力警戒160/报警190,2026-01-20,08:00,,,,正常
SEEP-0005,右岸绕坝渗流R2,右岸坝肩07号洞,243.09,1.03,135,水位警戒245.5/报警247.5；流量警戒1.25/报警1.5；扬压力警戒155/报警185,2026-01-20,08:00,,,,正常
SEEP-0006,坝后量水堰W1,坝后排水沟出口,239.79,1.77,105,水位警戒242.5/报警245；流量警戒2.1/报警2.6；扬压力警戒130/报警160,2026-01-20,08:00,,,,正常
SEEP-0001,坝基渗压计P1,坝0+120m坝基,241.45,0.66,129,水位警戒244/报警246.5；流量警戒0.9/报警1.2；扬压力警戒150/报警180,2026-01-20,20:00,,,,正常
SEEP-0002,坝基渗压计P2,坝0+180m坝基,240.79,0.63,122,水位警戒243.5/报警246；流量警戒0.9/报警1.2；扬压力警戒145/报警175,2026-01-20,20:00,,,,正常
SEEP-0003,坝基渗压计P3,坝0+240m坝基,240.29,0.59,117,水位警戒243/报警245.5；流量警戒0.85/报警1.15；扬压力警戒140/报警170,2026-01-20,20:00,,,,正常
SEEP-0004,左岸绕坝渗流R1,左岸坝肩12号洞,243.71,1.07,142,水位警戒246/报警248；流量警戒1.3/报警1.55；扬压力警戒160/报警190,2026-01-20,20:00,,,,正常
SEEP-0005,右岸绕坝渗流R2,右岸坝肩07号洞,243.06,1.01,137,水位警戒245.5/报警247.5；流量警戒1.25/报警1.5；扬压力警戒155/报警185,2026-01-20,20:00,,,,正常
SEEP-0006,坝后量水堰W1,坝后排水沟出口,239.74,1.77,105,水位警戒242.5/报警245；流量警戒2.1/报警2.6；扬压力警戒130/报警160,2026-01-20,20:00,,,,正常
SEEP-0001,坝基渗压计P1,坝0+120m坝基,241.51,0.65,128,水位警戒244/报警246.5；流量警戒0.9/报警1.2；扬压力警戒150/报警180,2026-01-21,08:00,,,,正常
SEEP-0002,坝基渗压计P2,坝0+180m坝基,240.79,0.63,122,水位警戒243.5/报警246；流量警戒0.9/报警1.2；扬压力警戒145/报警175,2026-01-21,08:00,测压管水位、渗流量、扬压力,一天缺测·上次实测沿用,上次实测沿用,正常
SEEP-0003,坝基渗压计P3,坝0+240m坝基,240.25,0.58,119,水位警戒243/报警245.5；流量警戒0.85/报警1.15；扬压力警戒140/报警170,2026-01-21,08:00,,,,正常
SEEP-0004,左岸绕坝渗流R1,左岸坝肩12号洞,243.7,1.09,143,水位警戒246/报警248；流量警戒1.3/报警1.55；扬压力警戒160/报警190,2026-01-21,08:00,,,,正常
SEEP-0005,右岸绕坝渗流R2,右岸坝肩07号洞,243.08,1.01,134,水位警戒245.5/报警247.5；流量警戒1.25/报警1.5；扬压力警戒155/报警185,2026-01-21,08:00,,,,正常
SEEP-0006,坝后量水堰W1,坝后排水沟出口,239.81,1.75,104,水位警戒242.5/报警245；流量警戒2.1/报警2.6；扬压力警戒130/报警160,2026-01-21,08:00,,,,正常
SEEP-0001,坝基渗压计P1,坝0+120m坝基,241.44,0.66,128,水位警戒244/报警246.5；流量警戒0.9/报警1.2；扬压力警戒150/报警180,2026-01-21,20:00,,,,正常
SEEP-0002,坝基渗压计P2,坝0+180m坝基,240.79,0.63,122,水位警戒243.5/报警246；流量警戒0.9/报警1.2；扬压力警戒145/报警175,2026-01-21,20:00,测压管水位、渗流量、扬压力,一天缺测·上次实测沿用,上次实测沿用,正常
SEEP-0003,坝基渗压计P3,坝0+240m坝基,240.33,0.58,118,水位警戒243/报警245.5；流量警戒0.85/报警1.15；扬压力警戒140/报警170,2026-01-21,20:00,,,,正常
SEEP-0004,左岸绕坝渗流R1,左岸坝肩12号洞,243.65,1.1,143,水位警戒246/报警248；流量警戒1.3/报警1.55；扬压力警戒160/报警190,2026-01-21,20:00,,,,正常
SEEP-0005,右岸绕坝渗流R2,右岸坝肩07号洞,243.13,1.03,135,水位警戒245.5/报警247.5；流量警戒1.25/报警1.5；扬压力警戒155/报警185,2026-01-21,20:00,,,,正常
SEEP-0006,坝后量水堰W1,坝后排水沟出口,239.83,1.76,104,水位警戒242.5/报警245；流量警戒2.1/报警2.6；扬压力警戒130/报警160,2026-01-21,20:00,,,,正常
SEEP-0001,坝基渗压计P1,坝0+120m坝基,241.4,0.67,127,水位警戒244/报警246.5；流量警戒0.9/报警1.2；扬压力警戒150/报警180,2026-01-22,08:00,,,,正常
SEEP-0002,坝基渗压计P2,坝0+180m坝基,240.82,0.63,122,水位警戒243.5/报警246；流量警戒0.9/报警1.2；扬压力警戒145/报警175,2026-01-22,08:00,,,,正常
SEEP-0003,坝基渗压计P3,坝0+240m坝基,240.22,0.57,118,水位警戒243/报警245.5；流量警戒0.85/报警1.15；扬压力警戒140/报警170,2026-01-22,08:00,,,,正常
SEEP-0004,左岸绕坝渗流R1,左岸坝肩12号洞,243.61,1.09,140,水位警戒246/报警248；流量警戒1.3/报警1.55；扬压力警戒160/报警190,2026-01-22,08:00,,,,正常
SEEP-0005,右岸绕坝渗流R2,右岸坝肩07号洞,243.04,1.03,135,水位警戒245.5/报警247.5；流量警戒1.25/报警1.5；扬压力警戒155/报警185,2026-01-22,08:00,,,,正常
SEEP-0006,坝后量水堰W1,坝后排水沟出口,239.76,1.76,104,水位警戒242.5/报警245；流量警戒2.1/报警2.6；扬压力警戒130/报警160,2026-01-22,08:00,,,,正常
SEEP-0001,坝基渗压计P1,坝0+120m坝基,241.39,0.65,127,水位警戒244/报警246.5；流量警戒0.9/报警1.2；扬压力警戒150/报警180,2026-01-22,20:00,,,,正常
SEEP-0002,坝基渗压计P2,坝0+180m坝基,240.85,0.61,121,水位警戒243.5/报警246；流量警戒0.9/报警1.2；扬压力警戒145/报警175,2026-01-22,20:00,,,,正常
SEEP-0003,坝基渗压计P3,坝0+240m坝基,240.3,0.56,118,水位警戒243/报警245.5；流量警戒0.85/报警1.15；扬压力警戒140/报警170,2026-01-22,20:00,,,,正常
SEEP-0004,左岸绕坝渗流R1,左岸坝肩12号洞,243.73,1.1,142,水位警戒246/报警248；流量警戒1.3/报警1.55；扬压力警戒160/报警190,2026-01-22,20:00,,,,正常
SEEP-0005,右岸绕坝渗流R2,右岸坝肩07号洞,243.06,1.02,136,水位警戒245.5/报警247.5；流量警戒1.25/报警1.5；扬压力警戒155/报警185,2026-01-22,20:00,,,,正常
SEEP-0006,坝后量水堰W1,坝后排水沟出口,239.86,1.76,106,水位警戒242.5/报警245；流量警戒2.1/报警2.6；扬压力警戒130/报警160,2026-01-22,20:00,,,,正常
SEEP-0001,坝基渗压计P1,坝0+120m坝基,241.45,0.66,127,水位警戒244/报警246.5；流量警戒0.9/报警1.2；扬压力警戒150/报警180,2026-01-23,08:00,,,,正常
SEEP-0002,坝基渗压计P2,坝0+180m坝基,240.85,0.63,119,水位警戒243.5/报警246；流量警戒0.9/报警1.2；扬压力警戒145/报警175,2026-01-23,08:00,,,,正常
SEEP-0003,坝基渗压计P3,坝0+240m坝基,240.35,0.59,117,水位警戒243/报警245.5；流量警戒0.85/报警1.15；扬压力警戒140/报警170,2026-01-23,08:00,,,,正常
SEEP-0004,左岸绕坝渗流R1,左岸坝肩12号洞,243.66,1.1,142,水位警戒246/报警248；流量警戒1.3/报警1.55；扬压力警戒160/报警190,2026-01-23,08:00,,,,正常
SEEP-0005,右岸绕坝渗流R2,右岸坝肩07号洞,242.97,1.01,135,水位警戒245.5/报警247.5；流量警戒1.25/报警1.5；扬压力警戒155/报警185,2026-01-23,08:00,,,,正常
SEEP-0006,坝后量水堰W1,坝后排水沟出口,239.87,1.76,106,水位警戒242.5/报警245；流量警戒2.1/报警2.6；扬压力警戒130/报警160,2026-01-23,08:00,,,,正常
SEEP-0001,坝基渗压计P1,坝0+120m坝基,241.4,0.67,125,水位警戒244/报警246.5；流量警戒0.9/报警1.2；扬压力警戒150/报警180,2026-01-23,20:00,,,,正常
SEEP-0002,坝基渗压计P2,坝0+180m坝基,240.88,0.6,119,水位警戒243.5/报警246；流量警戒0.9/报警1.2；扬压力警戒145/报警175,2026-01-23,20:00,,,,正常
SEEP-0003,坝基渗压计P3,坝0+240m坝基,240.36,0.59,117,水位警戒243/报警245.5；流量警戒0.85/报警1.15；扬压力警戒140/报警170,2026-01-23,20:00,,,,正常
SEEP-0004,左岸绕坝渗流R1,左岸坝肩12号洞,243.72,1.07,139,水位警戒246/报警248；流量警戒1.3/报警1.55；扬压力警戒160/报警190,2026-01-23,20:00,,,,正常
SEEP-0005,右岸绕坝渗流R2,右岸坝肩07号洞,243.01,1.03,133,水位警戒245.5/报警247.5；流量警戒1.25/报警1.5；扬压力警戒155/报警185,2026-01-23,20:00,,,,正常
SEEP-0006,坝后量水堰W1,坝后排水沟出口,239.87,1.74,103,水位警戒242.5/报警245；流量警戒2.1/报警2.6；扬压力警戒130/报警160,2026-01-23,20:00,,,,正常
SEEP-0001,坝基渗压计P1,坝0+120m坝基,241.51,0.64,125,水位警戒244/报警246.5；流量警戒0.9/报警1.2；扬压力警戒150/报警180,2026-01-24,08:00,,,,正常
SEEP-0002,坝基渗压计P2,坝0+180m坝基,240.79,0.61,120,水位警戒243.5/报警246；流量警戒0.9/报警1.2；扬压力警戒145/报警175,2026-01-24,08:00,,,,正常
SEEP-0003,坝基渗压计P3,坝0+240m坝基,240.23,0.56,116,水位警戒243/报警245.5；流量警戒0.85/报警1.15；扬压力警戒140/报警170,2026-01-24,08:00,,,,正常
SEEP-0004,左岸绕坝渗流R1,左岸坝肩12号洞,245.72,1.31,165,水位警戒246/报警248；流量警戒1.3/报警1.55；扬压力警戒160/报警190,2026-01-24,08:00,,,,预警
SEEP-0005,右岸绕坝渗流R2,右岸坝肩07号洞,243,1.03,133,水位警戒245.5/报警247.5；流量警戒1.25/报警1.5；扬压力警戒155/报警185,2026-01-24,08:00,,,,正常
SEEP-0006,坝后量水堰W1,坝后排水沟出口,239.74,1.76,105,水位警戒242.5/报警245；流量警戒2.1/报警2.6；扬压力警戒130/报警160,2026-01-24,08:00,,,,正常
SEEP-0001,坝基渗压计P1,坝0+120m坝基,241.38,0.66,124,水位警戒244/报警246.5；流量警戒0.9/报警1.2；扬压力警戒150/报警180,2026-01-24,20:00,,,,正常
SEEP-0002,坝基渗压计P2,坝0+180m坝基,240.79,0.59,121,水位警戒243.5/报警246；流量警戒0.9/报警1.2；扬压力警戒145/报警175,2026-01-24,20:00,,,,正常
SEEP-0003,坝基渗压计P3,坝0+240m坝基,240.34,0.58,114,水位警戒243/报警245.5；流量警戒0.85/报警1.15；扬压力警戒140/报警170,2026-01-24,20:00,,,,正常
SEEP-0004,左岸绕坝渗流R1,左岸坝肩12号洞,247.11,1.51,186,水位警戒246/报警248；流量警戒1.3/报警1.55；扬压力警戒160/报警190,2026-01-24,20:00,,,,预警
SEEP-0005,右岸绕坝渗流R2,右岸坝肩07号洞,242.99,1.03,133,水位警戒245.5/报警247.5；流量警戒1.25/报警1.5；扬压力警戒155/报警185,2026-01-24,20:00,,,,正常
SEEP-0006,坝后量水堰W1,坝后排水沟出口,239.87,1.75,102,水位警戒242.5/报警245；流量警戒2.1/报警2.6；扬压力警戒130/报警160,2026-01-24,20:00,,,,正常
SEEP-0001,坝基渗压计P1,坝0+120m坝基,241.46,0.64,124,水位警戒244/报警246.5；流量警戒0.9/报警1.2；扬压力警戒150/报警180,2026-01-25,08:00,,,,正常
SEEP-0002,坝基渗压计P2,坝0+180m坝基,240.84,0.61,118,水位警戒243.5/报警246；流量警戒0.9/报警1.2；扬压力警戒145/报警175,2026-01-25,08:00,,,,正常
SEEP-0003,坝基渗压计P3,坝0+240m坝基,240.21,0.58,114,水位警戒243/报警245.5；流量警戒0.85/报警1.15；扬压力警戒140/报警170,2026-01-25,08:00,,,,正常
SEEP-0004,左岸绕坝渗流R1,左岸坝肩12号洞,248.68,1.69,205,水位警戒246/报警248；流量警戒1.3/报警1.55；扬压力警戒160/报警190,2026-01-25,08:00,,,,报警
SEEP-0005,右岸绕坝渗流R2,右岸坝肩07号洞,243.1,1.02,134,水位警戒245.5/报警247.5；流量警戒1.25/报警1.5；扬压力警戒155/报警185,2026-01-25,08:00,,,,正常
SEEP-0006,坝后量水堰W1,坝后排水沟出口,239.72,1.75,102,水位警戒242.5/报警245；流量警戒2.1/报警2.6；扬压力警戒130/报警160,2026-01-25,08:00,,,,正常
SEEP-0001,坝基渗压计P1,坝0+120m坝基,241.44,0.63,125,水位警戒244/报警246.5；流量警戒0.9/报警1.2；扬压力警戒150/报警180,2026-01-25,20:00,,,,正常
SEEP-0002,坝基渗压计P2,坝0+180m坝基,240.74,0.6,117,水位警戒243.5/报警246；流量警戒0.9/报警1.2；扬压力警戒145/报警175,2026-01-25,20:00,,,,正常
SEEP-0003,坝基渗压计P3,坝0+240m坝基,240.29,0.57,113,水位警戒243/报警245.5；流量警戒0.85/报警1.15；扬压力警戒140/报警170,2026-01-25,20:00,,,,正常
SEEP-0004,左岸绕坝渗流R1,左岸坝肩12号洞,248.28,1.65,199,水位警戒246/报警248；流量警戒1.3/报警1.55；扬压力警戒160/报警190,2026-01-25,20:00,,,,报警
SEEP-0005,右岸绕坝渗流R2,右岸坝肩07号洞,243.02,0.99,134,水位警戒245.5/报警247.5；流量警戒1.25/报警1.5；扬压力警戒155/报警185,2026-01-25,20:00,,,,正常
SEEP-0006,坝后量水堰W1,坝后排水沟出口,239.83,1.75,104,水位警戒242.5/报警245；流量警戒2.1/报警2.6；扬压力警戒130/报警160,2026-01-25,20:00,,,,正常
SEEP-0001,坝基渗压计P1,坝0+120m坝基,241.5,0.65,124,水位警戒244/报警246.5；流量警戒0.9/报警1.2；扬压力警戒150/报警180,2026-01-26,08:00,,,,正常
SEEP-0002,坝基渗压计P2,坝0+180m坝基,240.74,0.6,118,水位警戒243.5/报警246；流量警戒0.9/报警1.2；扬压力警戒145/报警175,2026-01-26,08:00,,,,正常
SEEP-0003,坝基渗压计P3,坝0+240m坝基,240.26,0.55,115,水位警戒243/报警245.5；流量警戒0.85/报警1.15；扬压力警戒140/报警170,2026-01-26,08:00,,,,正常
SEEP-0004,左岸绕坝渗流R1,左岸坝肩12号洞,247.4,1.53,186,水位警戒246/报警248；流量警戒1.3/报警1.55；扬压力警戒160/报警190,2026-01-26,08:00,,,,预警
SEEP-0005,右岸绕坝渗流R2,右岸坝肩07号洞,243.03,1.02,133,水位警戒245.5/报警247.5；流量警戒1.25/报警1.5；扬压力警戒155/报警185,2026-01-26,08:00,,,,正常
SEEP-0006,坝后量水堰W1,坝后排水沟出口,239.76,1.75,101,水位警戒242.5/报警245；流量警戒2.1/报警2.6；扬压力警戒130/报警160,2026-01-26,08:00,,,,正常
SEEP-0001,坝基渗压计P1,坝0+120m坝基,241.43,0.64,123,水位警戒244/报警246.5；流量警戒0.9/报警1.2；扬压力警戒150/报警180,2026-01-26,20:00,,,,正常
SEEP-0002,坝基渗压计P2,坝0+180m坝基,240.74,0.59,117,水位警戒243.5/报警246；流量警戒0.9/报警1.2；扬压力警戒145/报警175,2026-01-26,20:00,,,,正常
SEEP-0003,坝基渗压计P3,坝0+240m坝基,240.31,0.57,112,水位警戒243/报警245.5；流量警戒0.85/报警1.15；扬压力警戒140/报警170,2026-01-26,20:00,,,,正常
SEEP-0004,左岸绕坝渗流R1,左岸坝肩12号洞,246.23,1.39,171,水位警戒246/报警248；流量警戒1.3/报警1.55；扬压力警戒160/报警190,2026-01-26,20:00,,,,预警
SEEP-0005,右岸绕坝渗流R2,右岸坝肩07号洞,243.11,0.99,132,水位警戒245.5/报警247.5；流量警戒1.25/报警1.5；扬压力警戒155/报警185,2026-01-26,20:00,,,,正常
SEEP-0006,坝后量水堰W1,坝后排水沟出口,239.81,1.76,103,水位警戒242.5/报警245；流量警戒2.1/报警2.6；扬压力警戒130/报警160,2026-01-26,20:00,,,,正常
SEEP-0001,坝基渗压计P1,坝0+120m坝基,241.47,0.64,123,水位警戒244/报警246.5；流量警戒0.9/报警1.2；扬压力警戒150/报警180,2026-01-27,08:00,,,,正常
SEEP-0002,坝基渗压计P2,坝0+180m坝基,240.79,0.58,118,水位警戒243.5/报警246；流量警戒0.9/报警1.2；扬压力警戒145/报警175,2026-01-27,08:00,,,,正常
SEEP-0003,坝基渗压计P3,坝0+240m坝基,240.27,0.58,113,水位警戒243/报警245.5；流量警戒0.85/报警1.15；扬压力警戒140/报警170,2026-01-27,08:00,,,,正常
SEEP-0004,左岸绕坝渗流R1,左岸坝肩12号洞,245.51,1.29,160,水位警戒246/报警248；流量警戒1.3/报警1.55；扬压力警戒160/报警190,2026-01-27,08:00,,,,预警
SEEP-0005,右岸绕坝渗流R2,右岸坝肩07号洞,242.99,0.99,131,水位警戒245.5/报警247.5；流量警戒1.25/报警1.5；扬压力警戒155/报警185,2026-01-27,08:00,,,,正常
SEEP-0006,坝后量水堰W1,坝后排水沟出口,239.75,1.76,100,水位警戒242.5/报警245；流量警戒2.1/报警2.6；扬压力警戒130/报警160,2026-01-27,08:00,,,,正常
SEEP-0001,坝基渗压计P1,坝0+120m坝基,241.41,0.65,122,水位警戒244/报警246.5；流量警戒0.9/报警1.2；扬压力警戒150/报警180,2026-01-27,20:00,,,,正常
SEEP-0002,坝基渗压计P2,坝0+180m坝基,240.8,0.59,118,水位警戒243.5/报警246；流量警戒0.9/报警1.2；扬压力警戒145/报警175,2026-01-27,20:00,,,,正常
SEEP-0003,坝基渗压计P3,坝0+240m坝基,240.21,0.58,112,水位警戒243/报警245.5；流量警戒0.85/报警1.15；扬压力警戒140/报警170,2026-01-27,20:00,,,,正常
SEEP-0004,左岸绕坝渗流R1,左岸坝肩12号洞,244.81,1.22,154,水位警戒246/报警248；流量警戒1.3/报警1.55；扬压力警戒160/报警190,2026-01-27,20:00,,,,正常
SEEP-0005,右岸绕坝渗流R2,右岸坝肩07号洞,242.98,0.98,130,水位警戒245.5/报警247.5；流量警戒1.25/报警1.5；扬压力警戒155/报警185,2026-01-27,20:00,,,,正常
SEEP-0006,坝后量水堰W1,坝后排水沟出口,239.83,1.73,99,水位警戒242.5/报警245；流量警戒2.1/报警2.6；扬压力警戒130/报警160,2026-01-27,20:00,,,,正常
SEEP-0001,坝基渗压计P1,坝0+120m坝基,241.45,0.63,122,水位警戒244/报警246.5；流量警戒0.9/报警1.2；扬压力警戒150/报警180,2026-01-28,08:00,,,,正常
SEEP-0002,坝基渗压计P2,坝0+180m坝基,240.81,0.59,116,水位警戒243.5/报警246；流量警戒0.9/报警1.2；扬压力警戒145/报警175,2026-01-28,08:00,,,,正常
SEEP-0003,坝基渗压计P3,坝0+240m坝基,240.25,0.54,111,水位警戒243/报警245.5；流量警戒0.85/报警1.15；扬压力警戒140/报警170,2026-01-28,08:00,,,,正常
SEEP-0004,左岸绕坝渗流R1,左岸坝肩12号洞,244.26,1.14,143,水位警戒246/报警248；流量警戒1.3/报警1.55；扬压力警戒160/报警190,2026-01-28,08:00,,,,正常
SEEP-0005,右岸绕坝渗流R2,右岸坝肩07号洞,243.12,0.99,130,水位警戒245.5/报警247.5；流量警戒1.25/报警1.5；扬压力警戒155/报警185,2026-01-28,08:00,,,,正常
SEEP-0006,坝后量水堰W1,坝后排水沟出口,239.74,1.73,100,水位警戒242.5/报警245；流量警戒2.1/报警2.6；扬压力警戒130/报警160,2026-01-28,08:00,,,,正常
SEEP-0001,坝基渗压计P1,坝0+120m坝基,241.48,0.63,122,水位警戒244/报警246.5；流量警戒0.9/报警1.2；扬压力警戒150/报警180,2026-01-28,20:00,,,,正常
SEEP-0002,坝基渗压计P2,坝0+180m坝基,240.7,0.59,115,水位警戒243.5/报警246；流量警戒0.9/报警1.2；扬压力警戒145/报警175,2026-01-28,20:00,,,,正常
SEEP-0003,坝基渗压计P3,坝0+240m坝基,240.32,0.56,110,水位警戒243/报警245.5；流量警戒0.85/报警1.15；扬压力警戒140/报警170,2026-01-28,20:00,,,,正常
SEEP-0004,左岸绕坝渗流R1,左岸坝肩12号洞,243.65,1.06,135,水位警戒246/报警248；流量警戒1.3/报警1.55；扬压力警戒160/报警190,2026-01-28,20:00,,,,正常
SEEP-0005,右岸绕坝渗流R2,右岸坝肩07号洞,243.05,0.98,131,水位警戒245.5/报警247.5；流量警戒1.25/报警1.5；扬压力警戒155/报警185,2026-01-28,20:00,,,,正常
SEEP-0006,坝后量水堰W1,坝后排水沟出口,239.74,1.74,99,水位警戒242.5/报警245；流量警戒2.1/报警2.6；扬压力警戒130/报警160,2026-01-28,20:00,,,,正常
SEEP-0001,坝基渗压计P1,坝0+120m坝基,241.43,0.63,122,水位警戒244/报警246.5；流量警戒0.9/报警1.2；扬压力警戒150/报警180,2026-01-29,08:00,,,,正常
SEEP-0002,坝基渗压计P2,坝0+180m坝基,240.82,0.59,116,水位警戒243.5/报警246；流量警戒0.9/报警1.2；扬压力警戒145/报警175,2026-01-29,08:00,,,,正常
SEEP-0003,坝基渗压计P3,坝0+240m坝基,240.21,0.55,113,水位警戒243/报警245.5；流量警戒0.85/报警1.15；扬压力警戒140/报警170,2026-01-29,08:00,,,,正常
SEEP-0004,左岸绕坝渗流R1,左岸坝肩12号洞,243.6,1.05,136,水位警戒246/报警248；流量警戒1.3/报警1.55；扬压力警戒160/报警190,2026-01-29,08:00,,,,正常
SEEP-0005,右岸绕坝渗流R2,右岸坝肩07号洞,243.06,0.98,130,水位警戒245.5/报警247.5；流量警戒1.25/报警1.5；扬压力警戒155/报警185,2026-01-29,08:00,,,,正常
SEEP-0006,坝后量水堰W1,坝后排水沟出口,239.72,1.75,98,水位警戒242.5/报警245；流量警戒2.1/报警2.6；扬压力警戒130/报警160,2026-01-29,08:00,,,,正常
SEEP-0001,坝基渗压计P1,坝0+120m坝基,241.34,0.62,120,水位警戒244/报警246.5；流量警戒0.9/报警1.2；扬压力警戒150/报警180,2026-01-29,20:00,,,,正常
SEEP-0002,坝基渗压计P2,坝0+180m坝基,240.82,0.59,114,水位警戒243.5/报警246；流量警戒0.9/报警1.2；扬压力警戒145/报警175,2026-01-29,20:00,,,,正常
SEEP-0003,坝基渗压计P3,坝0+240m坝基,240.28,0.55,112,水位警戒243/报警245.5；流量警戒0.85/报警1.15；扬压力警戒140/报警170,2026-01-29,20:00,,,,正常
SEEP-0004,左岸绕坝渗流R1,左岸坝肩12号洞,243.57,1.04,135,水位警戒246/报警248；流量警戒1.3/报警1.55；扬压力警戒160/报警190,2026-01-29,20:00,,,,正常
SEEP-0005,右岸绕坝渗流R2,右岸坝肩07号洞,243.03,0.98,129,水位警戒245.5/报警247.5；流量警戒1.25/报警1.5；扬压力警戒155/报警185,2026-01-29,20:00,,,,正常
SEEP-0006,坝后量水堰W1,坝后排水沟出口,239.81,1.73,98,水位警戒242.5/报警245；流量警戒2.1/报警2.6；扬压力警戒130/报警160,2026-01-29,20:00,,,,正常
SEEP-0001,坝基渗压计P1,坝0+120m坝基,241.38,0.62,122,水位警戒244/报警246.5；流量警戒0.9/报警1.2；扬压力警戒150/报警180,2026-01-30,08:00,,,,正常
SEEP-0002,坝基渗压计P2,坝0+180m坝基,240.72,0.57,115,水位警戒243.5/报警246；流量警戒0.9/报警1.2；扬压力警戒145/报警175,2026-01-30,08:00,,,,正常
SEEP-0003,坝基渗压计P3,坝0+240m坝基,240.29,0.55,112,水位警戒243/报警245.5；流量警戒0.85/报警1.15；扬压力警戒140/报警170,2026-01-30,08:00,,,,正常
SEEP-0004,左岸绕坝渗流R1,左岸坝肩12号洞,243.63,1.06,133,水位警戒246/报警248；流量警戒1.3/报警1.55；扬压力警戒160/报警190,2026-01-30,08:00,,,,正常
SEEP-0005,右岸绕坝渗流R2,右岸坝肩07号洞,243.02,1.01,129,水位警戒245.5/报警247.5；流量警戒1.25/报警1.5；扬压力警戒155/报警185,2026-01-30,08:00,,,,正常
SEEP-0006,坝后量水堰W1,坝后排水沟出口,239.75,1.73,99,水位警戒242.5/报警245；流量警戒2.1/报警2.6；扬压力警戒130/报警160,2026-01-30,08:00,,,,正常
SEEP-0001,坝基渗压计P1,坝0+120m坝基,241.48,0.64,120,水位警戒244/报警246.5；流量警戒0.9/报警1.2；扬压力警戒150/报警180,2026-01-30,20:00,,,,正常
SEEP-0002,坝基渗压计P2,坝0+180m坝基,240.81,0.58,114,水位警戒243.5/报警246；流量警戒0.9/报警1.2；扬压力警戒145/报警175,2026-01-30,20:00,,,,正常
SEEP-0003,坝基渗压计P3,坝0+240m坝基,240.23,0.53,109,水位警戒243/报警245.5；流量警戒0.85/报警1.15；扬压力警戒140/报警170,2026-01-30,20:00,,,,正常
SEEP-0004,左岸绕坝渗流R1,左岸坝肩12号洞,243.66,1.04,134,水位警戒246/报警248；流量警戒1.3/报警1.55；扬压力警戒160/报警190,2026-01-30,20:00,,,,正常
SEEP-0005,右岸绕坝渗流R2,右岸坝肩07号洞,243.1,0.97,128,水位警戒245.5/报警247.5；流量警戒1.25/报警1.5；扬压力警戒155/报警185,2026-01-30,20:00,,,,正常
SEEP-0006,坝后量水堰W1,坝后排水沟出口,239.79,1.72,96,水位警戒242.5/报警245；流量警戒2.1/报警2.6；扬压力警戒130/报警160,2026-01-30,20:00,,,,正常
SEEP-0001,坝基渗压计P1,坝0+120m坝基,241.34,0.61,120,水位警戒244/报警246.5；流量警戒0.9/报警1.2；扬压力警戒150/报警180,2026-01-31,08:00,,,,正常
SEEP-0002,坝基渗压计P2,坝0+180m坝基,240.74,0.57,113,水位警戒243.5/报警246；流量警戒0.9/报警1.2；扬压力警戒145/报警175,2026-01-31,08:00,,,,正常
SEEP-0003,坝基渗压计P3,坝0+240m坝基,240.32,0.55,111,水位警戒243/报警245.5；流量警戒0.85/报警1.15；扬压力警戒140/报警170,2026-01-31,08:00,,,,正常
SEEP-0004,左岸绕坝渗流R1,左岸坝肩12号洞,243.71,1.07,134,水位警戒246/报警248；流量警戒1.3/报警1.55；扬压力警戒160/报警190,2026-01-31,08:00,,,,正常
SEEP-0005,右岸绕坝渗流R2,右岸坝肩07号洞,243.09,0.97,127,水位警戒245.5/报警247.5；流量警戒1.25/报警1.5；扬压力警戒155/报警185,2026-01-31,08:00,,,,正常
SEEP-0006,坝后量水堰W1,坝后排水沟出口,239.69,1.72,98,水位警戒242.5/报警245；流量警戒2.1/报警2.6；扬压力警戒130/报警160,2026-01-31,08:00,,,,正常
SEEP-0001,坝基渗压计P1,坝0+120m坝基,241.42,0.62,118,水位警戒244/报警246.5；流量警戒0.9/报警1.2；扬压力警戒150/报警180,2026-01-31,20:00,,,,正常
SEEP-0002,坝基渗压计P2,坝0+180m坝基,240.78,0.57,113,水位警戒243.5/报警246；流量警戒0.9/报警1.2；扬压力警戒145/报警175,2026-01-31,20:00,,,,正常
SEEP-0003,坝基渗压计P3,坝0+240m坝基,240.19,0.55,110,水位警戒243/报警245.5；流量警戒0.85/报警1.15；扬压力警戒140/报警170,2026-01-31,20:00,,,,正常
SEEP-0004,左岸绕坝渗流R1,左岸坝肩12号洞,243.59,1.07,133,水位警戒246/报警248；流量警戒1.3/报警1.55；扬压力警戒160/报警190,2026-01-31,20:00,,,,正常
SEEP-0005,右岸绕坝渗流R2,右岸坝肩07号洞,243.02,0.97,126,水位警戒245.5/报警247.5；流量警戒1.25/报警1.5；扬压力警戒155/报警185,2026-01-31,20:00,,,,正常
SEEP-0006,坝后量水堰W1,坝后排水沟出口,239.72,1.73,98,水位警戒242.5/报警245；流量警戒2.1/报警2.6；扬压力警戒130/报警160,2026-01-31,20:00,,,,正常
